city,temperature,humidity,wind_speed,visibility,condition_main,condition_desc,timestamp,timestamp_readable
Warsaw,1.1,87,13.9,4088,Drizzle,clear sky,1748492059,2025-05-29 12:14:19
Bangkok,34.8,88,11.2,4166,Rain,clear sky,1748492119,2025-05-29 12:15:19
Dubai,24.8,34,5.6,7106,Clear,clear sky,1748492179,2025-05-29 12:16:19
Cape Town,15.0,88,3.8,4080,Thunderstorm,few clouds,1748492239,2025-05-29 12:17:19
New York,16.4,32,9.6,8308,Clear,mist,1748492299,2025-05-29 12:18:19
Sydney,21.0,58,10.6,2009,Mist,mist,1748492359,2025-05-29 12:19:19
Warsaw,4.7,33,13.8,7652,Rain,clear sky,1748492419,2025-05-29 12:20:19
Bangkok,34.9,38,1.6,5739,Clear,mist,1748492479,2025-05-29 12:21:19
Dubai,41.3,47,12.2,4801,Rain,clear sky,1748492539,2025-05-29 12:22:19
Cape Town,27.3,47,13.0,5197,Drizzle,light rain,1748492599,2025-05-29 12:23:19
New York,18.3,55,6.0,3588,Rain,few clouds,1748492659,2025-05-29 12:24:19
Sydney,30.1,50,10.4,7083,Mist,few clouds,1748492719,2025-05-29 12:25:19
Warsaw,2.9,74,4.3,6149,Mist,light rain,1748492779,2025-05-29 12:26:19
Bangkok,28.1,83,12.9,6285,Clouds,few clouds,1748492839,2025-05-29 12:27:19
Dubai,20.1,57,5.6,9515,Drizzle,clear sky,1748492899,2025-05-29 12:28:19
Cape Town,25.0,86,14.5,3674,Thunderstorm,clear sky,1748492959,2025-05-29 12:29:19
New York,15.0,49,12.5,5597,Drizzle,light rain,1748493019,2025-05-29 12:30:19
Sydney,17.7,34,7.6,2990,Clear,clear sky,1748493079,2025-05-29 12:31:19
Warsaw,11.5,61,12.6,4615,Clear,clear sky,1748493139,2025-05-29 12:32:19
Bangkok,33.6,85,1.7,8361,Clear,mist,1748493199,2025-05-29 12:33:19
Dubai,20.4,57,7.0,7693,Drizzle,mist,1748493259,2025-05-29 12:34:19
Cape Town,23.8,73,0.3,7990,Drizzle,light rain,1748493319,2025-05-29 12:35:19
New York,28.7,77,9.6,4165,Clear,mist,1748493379,2025-05-29 12:36:19
Sydney,34.7,50,0.5,9315,Drizzle,few clouds,1748493439,2025-05-29 12:37:19
Warsaw,21.7,69,4.5,4144,Clear,few clouds,1748493499,2025-05-29 12:38:19
Bangkok,33.0,44,14.9,4489,Clouds,clear sky,1748493559,2025-05-29 12:39:19
Dubai,37.8,36,5.0,6452,Clouds,clear sky,1748493619,2025-05-29 12:40:19
Cape Town,17.8,32,5.1,2579,Drizzle,clear sky,1748493679,2025-05-29 12:41:19
New York,7.7,42,14.0,7605,Drizzle,light rain,1748493739,2025-05-29 12:42:19
Sydney,29.8,73,8.0,5729,Clouds,few clouds,1748493799,2025-05-29 12:43:19
Warsaw,19.4,44,13.7,8152,Drizzle,few clouds,1748493859,2025-05-29 12:44:19
Bangkok,30.0,40,2.3,4080,Thunderstorm,light rain,1748493919,2025-05-29 12:45:19
Dubai,42.4,59,13.2,9216,Thunderstorm,light rain,1748493979,2025-05-29 12:46:19
Cape Town,22.8,57,3.1,8277,Drizzle,mist,1748494039,2025-05-29 12:47:19
New York,28.5,58,2.6,9368,Rain,few clouds,1748494099,2025-05-29 12:48:19
Sydney,27.7,86,6.4,9044,Mist,mist,1748494159,2025-05-29 12:49:19
Warsaw,0.6,65,3.6,2546,Mist,light rain,1748494219,2025-05-29 12:50:19
Bangkok,25.9,53,2.4,9353,Rain,few clouds,1748494279,2025-05-29 12:51:19
Dubai,32.1,74,10.8,3498,Clouds,mist,1748494339,2025-05-29 12:52:19
Cape Town,25.6,83,7.2,8928,Mist,light rain,1748494399,2025-05-29 12:53:19
New York,25.8,70,12.0,6846,Drizzle,clear sky,1748494459,2025-05-29 12:54:19
Sydney,19.1,86,9.8,2535,Clear,mist,1748494519,2025-05-29 12:55:19
Warsaw,0.1,31,13.3,9817,Clouds,few clouds,1748494579,2025-05-29 12:56:19
Bangkok,30.0,75,8.8,3170,Thunderstorm,few clouds,1748494639,2025-05-29 12:57:19
Dubai,27.8,74,12.8,2144,Mist,light rain,1748494699,2025-05-29 12:58:19
Cape Town,26.4,85,7.1,9241,Drizzle,light rain,1748494759,2025-05-29 12:59:19
New York,12.1,46,13.1,9100,Rain,light rain,1748494819,2025-05-29 13:00:19
Sydney,19.7,52,6.9,6696,Drizzle,clear sky,1748494879,2025-05-29 13:01:19
Warsaw,21.4,63,11.9,6634,Drizzle,mist,1748494939,2025-05-29 13:02:19
Bangkok,28.1,53,5.1,8248,Rain,mist,1748494999,2025-05-29 13:03:19
Dubai,31.9,36,11.9,6315,Drizzle,clear sky,1748495059,2025-05-29 13:04:19
Cape Town,22.5,64,11.5,8871,Rain,mist,1748495119,2025-05-29 13:05:19
New York,25.4,46,1.7,8318,Clouds,few clouds,1748495179,2025-05-29 13:06:19
Sydney,14.0,90,14.0,6318,Mist,mist,1748495239,2025-05-29 13:07:19
Warsaw,17.3,57,5.9,3401,Clear,few clouds,1748495299,2025-05-29 13:08:19
Bangkok,30.3,31,11.3,7145,Mist,few clouds,1748495359,2025-05-29 13:09:19
Dubai,22.0,45,14.4,2568,Rain,few clouds,1748495419,2025-05-29 13:10:19
Cape Town,19.9,48,8.1,3495,Mist,clear sky,1748495479,2025-05-29 13:11:19
New York,21.4,67,8.6,9627,Drizzle,few clouds,1748495539,2025-05-29 13:12:19
Sydney,22.2,31,4.7,8830,Clouds,light rain,1748495599,2025-05-29 13:13:19
Warsaw,20.4,82,10.3,6104,Drizzle,mist,1748495659,2025-05-29 13:14:19
Bangkok,30.3,62,3.0,5756,Thunderstorm,clear sky,1748495719,2025-05-29 13:15:19
Dubai,36.6,76,11.3,5791,Thunderstorm,few clouds,1748495779,2025-05-29 13:16:19
Cape Town,26.8,76,0.7,8832,Clear,light rain,1748495839,2025-05-29 13:17:19
New York,11.8,35,3.2,9305,Clouds,light rain,1748495899,2025-05-29 13:18:19
Sydney,24.3,38,2.5,6542,Mist,light rain,1748495959,2025-05-29 13:19:19
Warsaw,19.9,85,14.1,6376,Clear,light rain,1748496019,2025-05-29 13:20:19
Bangkok,28.3,59,0.0,7005,Drizzle,clear sky,1748496079,2025-05-29 13:21:19
Dubai,36.7,55,5.8,3389,Thunderstorm,few clouds,1748496139,2025-05-29 13:22:19
Cape Town,18.8,81,5.6,4156,Drizzle,mist,1748496199,2025-05-29 13:23:19
New York,10.6,86,4.0,6438,Rain,few clouds,1748496259,2025-05-29 13:24:19
Sydney,33.9,68,5.9,6376,Clouds,clear sky,1748496319,2025-05-29 13:25:19
Warsaw,0.4,68,4.1,9374,Drizzle,clear sky,1748496379,2025-05-29 13:26:19
Bangkok,33.1,68,14.8,8248,Thunderstorm,few clouds,1748496439,2025-05-29 13:27:19
Dubai,39.7,83,2.4,6024,Clear,mist,1748496499,2025-05-29 13:28:19
Cape Town,11.3,86,12.0,4828,Clear,mist,1748496559,2025-05-29 13:29:19
New York,9.9,54,12.3,7176,Mist,light rain,1748496619,2025-05-29 13:30:19
Sydney,22.0,46,12.3,6531,Thunderstorm,mist,1748496679,2025-05-29 13:31:19
Warsaw,3.9,55,5.0,9744,Mist,few clouds,1748496739,2025-05-29 13:32:19
Bangkok,32.8,40,7.2,6980,Mist,few clouds,1748496799,2025-05-29 13:33:19
Dubai,37.6,81,1.3,2368,Mist,clear sky,1748496859,2025-05-29 13:34:19
Cape Town,18.4,66,3.7,2727,Clear,few clouds,1748496919,2025-05-29 13:35:19
New York,23.8,75,10.7,2069,Clouds,clear sky,1748496979,2025-05-29 13:36:19
Sydney,33.4,40,2.3,9147,Drizzle,light rain,1748497039,2025-05-29 13:37:19
Warsaw,20.8,83,5.6,4034,Clouds,mist,1748497099,2025-05-29 13:38:19
Bangkok,30.0,73,2.9,5568,Rain,clear sky,1748497159,2025-05-29 13:39:19
Dubai,23.8,42,5.5,4718,Mist,mist,1748497219,2025-05-29 13:40:19
Cape Town,22.7,70,9.2,9085,Rain,mist,1748497279,2025-05-29 13:41:19
New York,10.1,67,13.8,9681,Clear,light rain,1748497339,2025-05-29 13:42:19
Sydney,30.4,88,3.6,3472,Clear,mist,1748497399,2025-05-29 13:43:19
Warsaw,24.7,48,8.8,5591,Clouds,mist,1748497459,2025-05-29 13:44:19
Bangkok,32.1,52,5.0,6998,Mist,light rain,1748497519,2025-05-29 13:45:19
Dubai,40.2,81,5.2,9285,Thunderstorm,clear sky,1748497579,2025-05-29 13:46:19
Cape Town,22.7,41,7.3,2807,Clouds,light rain,1748497639,2025-05-29 13:47:19
New York,6.1,89,11.3,5224,Rain,mist,1748497699,2025-05-29 13:48:19
Sydney,24.5,55,9.6,4184,Mist,clear sky,1748497759,2025-05-29 13:49:19
Warsaw,15.0,69,14.3,8480,Mist,mist,1748497819,2025-05-29 13:50:19
Bangkok,34.7,72,11.4,7442,Clouds,mist,1748497879,2025-05-29 13:51:19
Dubai,31.4,81,8.3,9729,Clouds,few clouds,1748497939,2025-05-29 13:52:19
Cape Town,25.1,68,6.4,5121,Clear,few clouds,1748497999,2025-05-29 13:53:19
New York,6.0,34,6.0,2792,Clear,few clouds,1748498059,2025-05-29 13:54:19
Sydney,12.3,90,0.2,6458,Thunderstorm,light rain,1748498119,2025-05-29 13:55:19
Warsaw,11.1,86,9.8,2615,Mist,clear sky,1748498179,2025-05-29 13:56:19
Bangkok,28.7,81,10.5,3913,Drizzle,mist,1748498239,2025-05-29 13:57:19
Dubai,35.4,65,9.1,8628,Mist,few clouds,1748498299,2025-05-29 13:58:19
Cape Town,26.4,77,1.3,8430,Rain,few clouds,1748498359,2025-05-29 13:59:19
New York,22.6,85,0.3,8795,Mist,light rain,1748498419,2025-05-29 14:00:19
Sydney,13.4,70,7.8,9114,Drizzle,mist,1748498479,2025-05-29 14:01:19
Warsaw,23.0,32,7.0,8601,Rain,mist,1748498539,2025-05-29 14:02:19
Bangkok,27.3,81,12.0,7200,Rain,clear sky,1748498599,2025-05-29 14:03:19
Dubai,34.3,58,12.8,5904,Mist,light rain,1748498659,2025-05-29 14:04:19
Cape Town,19.5,49,3.3,9817,Rain,mist,1748498719,2025-05-29 14:05:19
New York,19.8,45,10.4,6227,Clouds,light rain,1748498779,2025-05-29 14:06:19
Sydney,17.2,73,1.7,5919,Mist,light rain,1748498839,2025-05-29 14:07:19
Warsaw,10.0,65,0.8,3129,Clear,mist,1748498899,2025-05-29 14:08:19
Bangkok,29.7,65,7.4,9508,Rain,mist,1748498959,2025-05-29 14:09:19
Dubai,39.9,45,0.2,3964,Thunderstorm,light rain,1748499019,2025-05-29 14:10:19
Cape Town,19.8,60,0.2,5458,Mist,mist,1748499079,2025-05-29 14:11:19
New York,20.0,84,14.1,8996,Thunderstorm,light rain,1748499139,2025-05-29 14:12:19
Sydney,27.3,73,12.4,6021,Thunderstorm,clear sky,1748499199,2025-05-29 14:13:19
Warsaw,12.0,33,14.1,5452,Clear,mist,1748499259,2025-05-29 14:14:19
Bangkok,31.0,86,0.6,7611,Clouds,few clouds,1748499319,2025-05-29 14:15:19
Dubai,42.8,65,5.4,4773,Rain,few clouds,1748499379,2025-05-29 14:16:19
Cape Town,23.8,53,2.8,3886,Mist,clear sky,1748499439,2025-05-29 14:17:19
New York,5.1,37,6.1,4902,Thunderstorm,clear sky,1748499499,2025-05-29 14:18:19
Sydney,18.8,31,7.5,6038,Clear,mist,1748499559,2025-05-29 14:19:19
Warsaw,24.3,41,9.7,7064,Clear,clear sky,1748499619,2025-05-29 14:20:19
Bangkok,29.4,61,13.2,2829,Clouds,mist,1748499679,2025-05-29 14:21:19
Dubai,31.7,50,7.7,2471,Drizzle,few clouds,1748499739,2025-05-29 14:22:19
Cape Town,12.4,32,14.4,2156,Drizzle,clear sky,1748499799,2025-05-29 14:23:19
New York,17.8,56,11.2,8061,Clouds,few clouds,1748499859,2025-05-29 14:24:19
Sydney,26.1,37,9.6,5634,Mist,mist,1748499919,2025-05-29 14:25:19
Warsaw,13.8,65,9.8,7314,Clear,light rain,1748499979,2025-05-29 14:26:19
Bangkok,32.4,84,10.4,5727,Rain,clear sky,1748500039,2025-05-29 14:27:19
Dubai,41.0,49,9.2,9398,Thunderstorm,clear sky,1748500099,2025-05-29 14:28:19
Cape Town,13.8,59,13.0,4503,Clouds,light rain,1748500159,2025-05-29 14:29:19
New York,12.5,86,8.3,4010,Rain,mist,1748500219,2025-05-29 14:30:19
Sydney,28.8,46,11.8,8646,Mist,few clouds,1748500279,2025-05-29 14:31:19
Warsaw,22.2,75,9.2,3983,Clouds,clear sky,1748500339,2025-05-29 14:32:19
Bangkok,32.0,43,8.8,6040,Clouds,clear sky,1748500399,2025-05-29 14:33:19
Dubai,22.5,55,12.9,9280,Mist,clear sky,1748500459,2025-05-29 14:34:19
Cape Town,22.1,32,4.5,3578,Thunderstorm,light rain,1748500519,2025-05-29 14:35:19
New York,10.9,45,9.7,6604,Mist,few clouds,1748500579,2025-05-29 14:36:19
Sydney,12.1,43,9.3,2768,Mist,few clouds,1748500639,2025-05-29 14:37:19
Warsaw,21.3,48,12.7,8916,Clouds,few clouds,1748500699,2025-05-29 14:38:19
Bangkok,29.5,35,4.2,6591,Clear,few clouds,1748500759,2025-05-29 14:39:19
Dubai,28.0,75,9.2,6930,Thunderstorm,clear sky,1748500819,2025-05-29 14:40:19
Cape Town,17.9,57,3.3,6450,Rain,clear sky,1748500879,2025-05-29 14:41:19
New York,20.9,30,8.6,2289,Clouds,mist,1748500939,2025-05-29 14:42:19
Sydney,25.1,43,11.1,9613,Clear,few clouds,1748500999,2025-05-29 14:43:19
Warsaw,7.7,62,4.0,7221,Thunderstorm,mist,1748501059,2025-05-29 14:44:19
Bangkok,27.7,61,8.2,3668,Rain,few clouds,1748501119,2025-05-29 14:45:19
Dubai,35.5,36,10.0,3300,Clear,light rain,1748501179,2025-05-29 14:46:19
Cape Town,16.8,66,9.9,2311,Rain,clear sky,1748501239,2025-05-29 14:47:19
New York,16.0,55,9.4,5952,Clouds,light rain,1748501299,2025-05-29 14:48:19
Sydney,8.6,35,4.7,2292,Drizzle,mist,1748501359,2025-05-29 14:49:19
Warsaw,11.2,54,14.0,5276,Clouds,clear sky,1748501419,2025-05-29 14:50:19
Bangkok,26.8,73,6.9,7480,Clouds,clear sky,1748501479,2025-05-29 14:51:19
Dubai,44.7,74,3.0,5119,Drizzle,clear sky,1748501539,2025-05-29 14:52:19
Cape Town,27.4,82,6.3,6620,Rain,clear sky,1748501599,2025-05-29 14:53:19
New York,7.3,31,9.4,2440,Rain,light rain,1748501659,2025-05-29 14:54:19
Sydney,17.5,61,5.2,9647,Clear,few clouds,1748501719,2025-05-29 14:55:19
Warsaw,23.5,80,5.6,5874,Mist,clear sky,1748501779,2025-05-29 14:56:19
Bangkok,26.7,87,10.4,9937,Thunderstorm,mist,1748501839,2025-05-29 14:57:19
Dubai,39.7,39,6.1,2500,Clouds,clear sky,1748501899,2025-05-29 14:58:19
Cape Town,20.4,64,11.4,8552,Clear,few clouds,1748501959,2025-05-29 14:59:19
New York,20.2,85,14.0,4854,Clouds,mist,1748502019,2025-05-29 15:00:19
Sydney,30.9,38,1.3,4689,Rain,few clouds,1748502079,2025-05-29 15:01:19
Warsaw,5.0,56,1.0,3662,Drizzle,mist,1748502139,2025-05-29 15:02:19
Bangkok,28.7,43,6.8,7043,Drizzle,few clouds,1748502199,2025-05-29 15:03:19
Dubai,24.2,34,0.8,9331,Thunderstorm,light rain,1748502259,2025-05-29 15:04:19
Cape Town,26.0,47,7.4,8494,Rain,few clouds,1748502319,2025-05-29 15:05:19
New York,16.5,66,6.8,8734,Rain,few clouds,1748502379,2025-05-29 15:06:19
Sydney,17.0,89,10.0,3650,Mist,few clouds,1748502439,2025-05-29 15:07:19
Warsaw,1.7,77,5.7,3549,Rain,clear sky,1748502499,2025-05-29 15:08:19
Bangkok,29.7,62,0.6,3820,Clear,few clouds,1748502559,2025-05-29 15:09:19
Dubai,34.9,35,9.1,8966,Thunderstorm,light rain,1748502619,2025-05-29 15:10:19
Cape Town,26.4,56,9.4,3316,Rain,light rain,1748502679,2025-05-29 15:11:19
New York,8.2,54,13.8,5040,Clear,mist,1748502739,2025-05-29 15:12:19
Sydney,19.7,84,14.6,4772,Rain,mist,1748502799,2025-05-29 15:13:19
Warsaw,6.2,73,0.4,4286,Clouds,light rain,1748502859,2025-05-29 15:14:19
Bangkok,26.9,41,5.6,7766,Rain,clear sky,1748502919,2025-05-29 15:15:19
Dubai,41.5,30,3.9,3172,Mist,few clouds,1748502979,2025-05-29 15:16:19
Cape Town,27.9,40,5.3,9676,Mist,light rain,1748503039,2025-05-29 15:17:19
New York,11.4,77,5.4,6225,Mist,few clouds,1748503099,2025-05-29 15:18:19
Sydney,16.8,69,10.7,4677,Rain,few clouds,1748503159,2025-05-29 15:19:19
Warsaw,14.7,76,5.8,6933,Thunderstorm,light rain,1748503219,2025-05-29 15:20:19
Bangkok,28.5,54,6.7,6861,Drizzle,few clouds,1748503279,2025-05-29 15:21:19
Dubai,43.9,35,5.6,6841,Clouds,clear sky,1748503339,2025-05-29 15:22:19
Cape Town,18.4,42,3.7,3968,Clear,clear sky,1748503399,2025-05-29 15:23:19
New York,22.8,39,7.0,7064,Rain,few clouds,1748503459,2025-05-29 15:24:19
Sydney,33.3,49,11.9,4353,Thunderstorm,light rain,1748503519,2025-05-29 15:25:19
Warsaw,15.7,52,14.1,5397,Clouds,light rain,1748503579,2025-05-29 15:26:19
Bangkok,31.7,44,9.3,3905,Mist,light rain,1748503639,2025-05-29 15:27:19
Dubai,44.9,78,11.4,2198,Thunderstorm,mist,1748503699,2025-05-29 15:28:19
Cape Town,11.7,31,7.2,3308,Thunderstorm,light rain,1748503759,2025-05-29 15:29:19
New York,6.4,43,4.3,7781,Clouds,few clouds,1748503819,2025-05-29 15:30:19
Sydney,34.1,36,0.3,7415,Rain,light rain,1748503879,2025-05-29 15:31:19
Warsaw,6.4,90,8.4,3507,Mist,few clouds,1748503939,2025-05-29 15:32:19
Bangkok,29.3,70,8.1,2410,Mist,light rain,1748503999,2025-05-29 15:33:19
Dubai,39.9,53,2.0,4598,Rain,mist,1748504059,2025-05-29 15:34:19
Cape Town,21.9,90,7.1,8211,Rain,mist,1748504119,2025-05-29 15:35:19
New York,29.7,43,5.4,7920,Drizzle,few clouds,1748504179,2025-05-29 15:36:19
Sydney,19.9,52,6.6,3878,Rain,few clouds,1748504239,2025-05-29 15:37:19
Warsaw,6.5,66,12.7,7421,Clouds,clear sky,1748504299,2025-05-29 15:38:19
Bangkok,26.4,53,0.6,3136,Mist,clear sky,1748504359,2025-05-29 15:39:19
Dubai,40.4,43,2.6,8847,Rain,clear sky,1748504419,2025-05-29 15:40:19
Cape Town,19.9,63,5.2,3103,Thunderstorm,mist,1748504479,2025-05-29 15:41:19
New York,17.4,85,4.2,9716,Clear,mist,1748504539,2025-05-29 15:42:19
Sydney,10.9,82,13.9,4710,Rain,mist,1748504599,2025-05-29 15:43:19
Warsaw,18.3,67,14.2,5780,Clear,clear sky,1748504659,2025-05-29 15:44:19
Bangkok,28.7,62,11.5,3709,Thunderstorm,mist,1748504719,2025-05-29 15:45:19
Dubai,30.7,74,1.6,2822,Clouds,mist,1748504779,2025-05-29 15:46:19
Cape Town,23.4,56,1.2,2095,Mist,few clouds,1748504839,2025-05-29 15:47:19
New York,16.9,87,12.4,8648,Clouds,light rain,1748504899,2025-05-29 15:48:19
Sydney,22.8,35,5.6,2940,Clouds,mist,1748504959,2025-05-29 15:49:19
Warsaw,11.3,58,8.0,2688,Rain,clear sky,1748505019,2025-05-29 15:50:19
Bangkok,30.8,61,4.0,8332,Drizzle,light rain,1748505079,2025-05-29 15:51:19
Dubai,28.5,88,12.5,3433,Clear,few clouds,1748505139,2025-05-29 15:52:19
Cape Town,11.4,66,12.0,8456,Rain,clear sky,1748505199,2025-05-29 15:53:19
New York,8.5,59,3.1,8092,Clouds,light rain,1748505259,2025-05-29 15:54:19
Sydney,10.9,87,8.0,7157,Clouds,mist,1748505319,2025-05-29 15:55:19
Warsaw,19.0,50,5.6,2356,Thunderstorm,clear sky,1748505379,2025-05-29 15:56:19
Bangkok,26.4,66,5.1,4151,Clouds,light rain,1748505439,2025-05-29 15:57:19
Dubai,31.8,76,7.6,3839,Rain,mist,1748505499,2025-05-29 15:58:19
Cape Town,20.0,40,12.4,5520,Mist,few clouds,1748505559,2025-05-29 15:59:19
New York,17.8,88,5.0,2418,Clouds,light rain,1748505619,2025-05-29 16:00:19
Sydney,14.1,43,3.2,6185,Clear,light rain,1748505679,2025-05-29 16:01:19
Warsaw,6.7,78,7.6,3890,Mist,light rain,1748505739,2025-05-29 16:02:19
Bangkok,25.7,60,8.4,7797,Drizzle,few clouds,1748505799,2025-05-29 16:03:19
Dubai,35.4,65,10.3,9693,Clear,clear sky,1748505859,2025-05-29 16:04:19
Cape Town,18.9,88,8.7,7537,Thunderstorm,light rain,1748505919,2025-05-29 16:05:19
New York,27.1,79,10.9,5708,Thunderstorm,light rain,1748505979,2025-05-29 16:06:19
Sydney,15.9,80,13.0,8614,Thunderstorm,light rain,1748506039,2025-05-29 16:07:19
Warsaw,20.4,47,11.4,6012,Clear,clear sky,1748506099,2025-05-29 16:08:19
Bangkok,34.2,71,8.4,5189,Clouds,light rain,1748506159,2025-05-29 16:09:19
Dubai,21.1,69,6.6,2672,Thunderstorm,light rain,1748506219,2025-05-29 16:10:19
Cape Town,21.6,66,14.4,2080,Clouds,clear sky,1748506279,2025-05-29 16:11:19
New York,6.6,80,7.1,4085,Clear,few clouds,1748506339,2025-05-29 16:12:19
Sydney,32.2,88,3.6,8354,Rain,light rain,1748506399,2025-05-29 16:13:19
Warsaw,21.7,56,1.9,3546,Mist,clear sky,1748506459,2025-05-29 16:14:19
Bangkok,25.7,90,1.4,4120,Clouds,light rain,1748506519,2025-05-29 16:15:19
Dubai,34.1,66,11.5,4441,Clouds,few clouds,1748506579,2025-05-29 16:16:19
Cape Town,18.0,55,9.0,8350,Clear,mist,1748506639,2025-05-29 16:17:19
New York,23.5,58,0.6,2528,Clouds,clear sky,1748506699,2025-05-29 16:18:19
Sydney,13.3,89,11.3,3702,Drizzle,clear sky,1748506759,2025-05-29 16:19:19
Warsaw,16.8,32,10.1,2721,Clouds,few clouds,1748506819,2025-05-29 16:20:19
Bangkok,28.3,65,5.9,4839,Drizzle,light rain,1748506879,2025-05-29 16:21:19
Dubai,42.6,30,13.3,5979,Thunderstorm,light rain,1748506939,2025-05-29 16:22:19
Cape Town,27.4,47,2.6,8802,Drizzle,few clouds,1748506999,2025-05-29 16:23:19
New York,20.6,52,5.6,3922,Clear,few clouds,1748507059,2025-05-29 16:24:19
Sydney,22.3,59,11.7,3916,Mist,clear sky,1748507119,2025-05-29 16:25:19
Warsaw,11.6,49,7.7,5307,Rain,light rain,1748507179,2025-05-29 16:26:19
Bangkok,32.3,53,9.1,9925,Rain,mist,1748507239,2025-05-29 16:27:19
Dubai,30.4,60,6.5,3282,Thunderstorm,light rain,1748507299,2025-05-29 16:28:19
Cape Town,22.3,75,12.2,8971,Rain,clear sky,1748507359,2025-05-29 16:29:19
New York,13.6,36,3.5,4426,Mist,mist,1748507419,2025-05-29 16:30:19
Sydney,10.2,53,14.9,2499,Drizzle,few clouds,1748507479,2025-05-29 16:31:19
Warsaw,1.3,82,3.9,2805,Clouds,few clouds,1748507539,2025-05-29 16:32:19
Bangkok,25.8,35,0.0,4044,Thunderstorm,clear sky,1748507599,2025-05-29 16:33:19
Dubai,42.5,47,5.4,4405,Drizzle,mist,1748507659,2025-05-29 16:34:19
Cape Town,24.3,52,8.3,4219,Clouds,light rain,1748507719,2025-05-29 16:35:19
New York,20.1,69,2.7,6912,Drizzle,clear sky,1748507779,2025-05-29 16:36:19
Sydney,34.9,40,10.9,8374,Thunderstorm,few clouds,1748507839,2025-05-29 16:37:19
Warsaw,5.9,89,14.4,7295,Drizzle,light rain,1748507899,2025-05-29 16:38:19
Bangkok,29.8,58,1.6,4443,Rain,mist,1748507959,2025-05-29 16:39:19
Dubai,40.9,75,10.5,2983,Clear,few clouds,1748508019,2025-05-29 16:40:19
Cape Town,25.7,54,14.0,7566,Clear,few clouds,1748508079,2025-05-29 16:41:19
New York,13.3,69,6.9,9046,Clouds,light rain,1748508139,2025-05-29 16:42:19
Sydney,23.0,42,2.1,5715,Clouds,mist,1748508199,2025-05-29 16:43:19
Warsaw,17.0,86,0.2,6150,Clouds,clear sky,1748508259,2025-05-29 16:44:19
Bangkok,33.8,73,1.1,4482,Clouds,mist,1748508319,2025-05-29 16:45:19
Dubai,23.5,63,1.3,5538,Mist,clear sky,1748508379,2025-05-29 16:46:19
Cape Town,22.8,51,1.0,2979,Mist,light rain,1748508439,2025-05-29 16:47:19
New York,24.1,30,7.2,4917,Thunderstorm,clear sky,1748508499,2025-05-29 16:48:19
Sydney,14.5,69,8.7,4949,Clear,few clouds,1748508559,2025-05-29 16:49:19
Warsaw,11.1,66,10.3,2309,Clouds,mist,1748508619,2025-05-29 16:50:19
Bangkok,30.2,45,9.9,4553,Clear,light rain,1748508679,2025-05-29 16:51:19
Dubai,26.9,75,12.4,4329,Clouds,light rain,1748508739,2025-05-29 16:52:19
Cape Town,19.5,61,9.2,2552,Clouds,mist,1748508799,2025-05-29 16:53:19
New York,5.0,38,11.5,6038,Drizzle,mist,1748508859,2025-05-29 16:54:19
Sydney,34.8,90,6.9,9122,Clear,mist,1748508919,2025-05-29 16:55:19
Warsaw,20.2,83,5.6,6180,Clear,clear sky,1748508979,2025-05-29 16:56:19
Bangkok,30.3,67,12.7,8414,Thunderstorm,few clouds,1748509039,2025-05-29 16:57:19
Dubai,42.0,77,11.4,2226,Thunderstorm,light rain,1748509099,2025-05-29 16:58:19
Cape Town,17.9,78,0.5,3171,Clouds,clear sky,1748509159,2025-05-29 16:59:19
New York,25.4,42,0.2,7804,Rain,mist,1748509219,2025-05-29 17:00:19
Sydney,33.2,37,5.8,5705,Clouds,light rain,1748509279,2025-05-29 17:01:19
Warsaw,2.4,42,3.6,9337,Drizzle,clear sky,1748509339,2025-05-29 17:02:19
Bangkok,29.8,85,9.9,2576,Mist,mist,1748509399,2025-05-29 17:03:19
Dubai,27.5,37,13.5,3564,Clear,clear sky,1748509459,2025-05-29 17:04:19
Cape Town,26.0,53,6.9,5307,Mist,clear sky,1748509519,2025-05-29 17:05:19
New York,25.5,85,1.1,5282,Rain,light rain,1748509579,2025-05-29 17:06:19
Sydney,12.3,55,5.5,4533,Thunderstorm,mist,1748509639,2025-05-29 17:07:19
Warsaw,14.7,51,2.0,3605,Drizzle,clear sky,1748509699,2025-05-29 17:08:19
Bangkok,34.4,70,14.1,3301,Mist,clear sky,1748509759,2025-05-29 17:09:19
Dubai,41.0,64,0.2,9316,Drizzle,few clouds,1748509819,2025-05-29 17:10:19
Cape Town,12.4,44,2.1,5337,Clouds,clear sky,1748509879,2025-05-29 17:11:19
New York,11.1,90,1.0,2025,Rain,mist,1748509939,2025-05-29 17:12:19
Sydney,31.1,35,11.4,3254,Mist,mist,1748509999,2025-05-29 17:13:19
Warsaw,15.9,61,0.5,7128,Rain,mist,1748510059,2025-05-29 17:14:19
Bangkok,27.6,59,8.0,2624,Drizzle,mist,1748510119,2025-05-29 17:15:19
Dubai,26.1,52,12.3,2348,Mist,clear sky,1748510179,2025-05-29 17:16:19
Cape Town,19.8,80,7.7,2767,Thunderstorm,mist,1748510239,2025-05-29 17:17:19
New York,9.3,66,8.3,5497,Mist,light rain,1748510299,2025-05-29 17:18:19
Sydney,15.1,65,14.8,5889,Clear,clear sky,1748510359,2025-05-29 17:19:19
Warsaw,9.5,50,12.2,3645,Thunderstorm,light rain,1748510419,2025-05-29 17:20:19
Bangkok,29.0,57,9.8,4169,Clouds,clear sky,1748510479,2025-05-29 17:21:19
Dubai,34.8,69,5.9,6493,Thunderstorm,few clouds,1748510539,2025-05-29 17:22:19
Cape Town,27.4,88,12.4,6436,Mist,clear sky,1748510599,2025-05-29 17:23:19
New York,6.3,52,6.0,3111,Drizzle,few clouds,1748510659,2025-05-29 17:24:19
Sydney,31.2,83,8.5,5771,Drizzle,mist,1748510719,2025-05-29 17:25:19
Warsaw,10.9,33,5.7,6303,Mist,mist,1748510779,2025-05-29 17:26:19
Bangkok,25.9,60,0.3,2270,Clear,clear sky,1748510839,2025-05-29 17:27:19
Dubai,30.3,55,13.6,3479,Drizzle,few clouds,1748510899,2025-05-29 17:28:19
Cape Town,16.9,72,10.3,2819,Mist,few clouds,1748510959,2025-05-29 17:29:19
New York,6.4,35,4.9,4421,Rain,light rain,1748511019,2025-05-29 17:30:19
Sydney,31.3,85,7.8,3543,Clouds,clear sky,1748511079,2025-05-29 17:31:19
Warsaw,21.4,90,3.9,7534,Thunderstorm,few clouds,1748511139,2025-05-29 17:32:19
Bangkok,30.6,49,4.8,3198,Thunderstorm,few clouds,1748511199,2025-05-29 17:33:19
Dubai,39.9,48,0.4,5062,Drizzle,clear sky,1748511259,2025-05-29 17:34:19
Cape Town,10.9,81,12.4,7571,Thunderstorm,clear sky,1748511319,2025-05-29 17:35:19
New York,21.4,60,6.2,3294,Mist,mist,1748511379,2025-05-29 17:36:19
Sydney,26.5,84,13.6,2278,Clear,few clouds,1748511439,2025-05-29 17:37:19
Warsaw,10.1,76,13.8,5072,Drizzle,mist,1748511499,2025-05-29 17:38:19
Bangkok,28.8,46,1.6,9747,Drizzle,clear sky,1748511559,2025-05-29 17:39:19
Dubai,44.1,85,4.5,9614,Clear,light rain,1748511619,2025-05-29 17:40:19
Cape Town,25.1,66,0.3,9532,Thunderstorm,few clouds,1748511679,2025-05-29 17:41:19
New York,8.8,79,5.5,8496,Drizzle,few clouds,1748511739,2025-05-29 17:42:19
Sydney,16.6,31,8.5,9581,Rain,light rain,1748511799,2025-05-29 17:43:19
Warsaw,1.4,36,0.4,6798,Thunderstorm,few clouds,1748511859,2025-05-29 17:44:19
Bangkok,27.4,30,0.4,5604,Clear,clear sky,1748511919,2025-05-29 17:45:19
Dubai,40.9,47,7.8,7738,Clear,light rain,1748511979,2025-05-29 17:46:19
Cape Town,20.1,82,12.0,6042,Drizzle,few clouds,1748512039,2025-05-29 17:47:19
New York,8.0,57,13.8,5542,Mist,mist,1748512099,2025-05-29 17:48:19
Sydney,26.0,57,9.9,8090,Clear,few clouds,1748512159,2025-05-29 17:49:19
Warsaw,19.0,79,6.4,5844,Rain,few clouds,1748512219,2025-05-29 17:50:19
Bangkok,34.6,46,10.8,4742,Clear,clear sky,1748512279,2025-05-29 17:51:19
Dubai,26.2,63,4.0,7063,Clear,mist,1748512339,2025-05-29 17:52:19
Cape Town,27.1,68,14.8,6174,Clouds,light rain,1748512399,2025-05-29 17:53:19
New York,18.5,74,2.8,8014,Drizzle,mist,1748512459,2025-05-29 17:54:19
Sydney,26.6,33,11.5,2169,Drizzle,light rain,1748512519,2025-05-29 17:55:19
Warsaw,12.7,89,8.7,9568,Drizzle,light rain,1748512579,2025-05-29 17:56:19
Bangkok,32.0,77,3.7,5717,Rain,clear sky,1748512639,2025-05-29 17:57:19
Dubai,31.4,39,13.6,7282,Mist,few clouds,1748512699,2025-05-29 17:58:19
Cape Town,21.1,82,11.0,2465,Thunderstorm,mist,1748512759,2025-05-29 17:59:19
New York,23.5,38,13.7,4932,Mist,few clouds,1748512819,2025-05-29 18:00:19
Sydney,21.3,65,14.1,2227,Drizzle,few clouds,1748512879,2025-05-29 18:01:19
Warsaw,17.2,65,8.9,6415,Mist,mist,1748512939,2025-05-29 18:02:19
Bangkok,31.1,74,6.0,8019,Mist,few clouds,1748512999,2025-05-29 18:03:19
Dubai,42.6,86,14.3,4427,Clear,clear sky,1748513059,2025-05-29 18:04:19
Cape Town,16.7,37,12.6,6420,Thunderstorm,clear sky,1748513119,2025-05-29 18:05:19
New York,22.7,80,5.3,7837,Mist,light rain,1748513179,2025-05-29 18:06:19
Sydney,10.2,43,14.0,5486,Thunderstorm,clear sky,1748513239,2025-05-29 18:07:19
Warsaw,16.0,80,11.8,7134,Clouds,mist,1748513299,2025-05-29 18:08:19
Bangkok,31.2,36,5.3,3907,Thunderstorm,light rain,1748513359,2025-05-29 18:09:19
Dubai,32.6,72,4.3,2932,Clouds,clear sky,1748513419,2025-05-29 18:10:19
Cape Town,15.6,51,0.5,7706,Rain,clear sky,1748513479,2025-05-29 18:11:19
New York,12.9,30,13.8,9063,Rain,clear sky,1748513539,2025-05-29 18:12:19
Sydney,12.1,71,10.7,4808,Drizzle,clear sky,1748513599,2025-05-29 18:13:19
Warsaw,5.1,60,7.3,8637,Mist,mist,1748513659,2025-05-29 18:14:19
Bangkok,30.9,84,10.5,7782,Mist,mist,1748513719,2025-05-29 18:15:19
Dubai,44.5,31,1.9,5417,Clear,clear sky,1748513779,2025-05-29 18:16:19
Cape Town,17.1,78,4.7,6264,Clear,few clouds,1748513839,2025-05-29 18:17:19
New York,15.3,46,14.8,4501,Rain,clear sky,1748513899,2025-05-29 18:18:19
Sydney,11.3,79,11.3,7267,Rain,mist,1748513959,2025-05-29 18:19:19
Warsaw,21.2,83,6.5,2704,Mist,mist,1748514019,2025-05-29 18:20:19
Bangkok,32.8,81,5.7,6206,Drizzle,few clouds,1748514079,2025-05-29 18:21:19
Dubai,22.2,57,1.2,4520,Drizzle,mist,1748514139,2025-05-29 18:22:19
Cape Town,13.5,31,12.8,2293,Drizzle,few clouds,1748514199,2025-05-29 18:23:19
New York,15.2,87,7.3,2429,Mist,light rain,1748514259,2025-05-29 18:24:19
Sydney,15.5,34,13.5,4802,Mist,clear sky,1748514319,2025-05-29 18:25:19
Warsaw,2.5,36,8.3,7283,Mist,clear sky,1748514379,2025-05-29 18:26:19
Bangkok,32.1,56,8.0,7015,Clouds,few clouds,1748514439,2025-05-29 18:27:19
Dubai,40.4,31,1.5,8337,Mist,few clouds,1748514499,2025-05-29 18:28:19
Cape Town,18.6,57,11.6,8729,Clear,light rain,1748514559,2025-05-29 18:29:19
New York,20.4,36,11.4,8826,Mist,light rain,1748514619,2025-05-29 18:30:19
Sydney,21.2,44,0.5,3027,Rain,clear sky,1748514679,2025-05-29 18:31:19
Warsaw,4.4,65,3.5,8163,Clouds,few clouds,1748514739,2025-05-29 18:32:19
Bangkok,35.0,66,11.6,6621,Clouds,light rain,1748514799,2025-05-29 18:33:19
Dubai,44.5,86,6.5,9637,Clear,light rain,1748514859,2025-05-29 18:34:19
Cape Town,12.9,32,10.3,8922,Thunderstorm,few clouds,1748514919,2025-05-29 18:35:19
New York,7.7,51,8.1,6099,Drizzle,mist,1748514979,2025-05-29 18:36:19
Sydney,27.8,41,12.4,2939,Drizzle,clear sky,1748515039,2025-05-29 18:37:19
Warsaw,3.5,46,6.0,2853,Drizzle,clear sky,1748515099,2025-05-29 18:38:19
Bangkok,26.0,89,10.2,6849,Mist,mist,1748515159,2025-05-29 18:39:19
Dubai,35.1,84,11.0,8477,Rain,mist,1748515219,2025-05-29 18:40:19
Cape Town,26.1,41,5.5,8728,Clouds,light rain,1748515279,2025-05-29 18:41:19
New York,9.6,85,2.4,2140,Thunderstorm,mist,1748515339,2025-05-29 18:42:19
Sydney,10.9,40,10.5,6931,Thunderstorm,clear sky,1748515399,2025-05-29 18:43:19
Warsaw,1.6,42,6.3,9314,Mist,clear sky,1748515459,2025-05-29 18:44:19
Bangkok,30.2,35,10.8,5163,Rain,mist,1748515519,2025-05-29 18:45:19
Dubai,21.9,83,0.4,5585,Rain,mist,1748515579,2025-05-29 18:46:19
Cape Town,18.8,68,8.9,5185,Thunderstorm,light rain,1748515639,2025-05-29 18:47:19
New York,15.4,79,0.5,6499,Rain,clear sky,1748515699,2025-05-29 18:48:19
Sydney,28.9,51,0.5,6028,Mist,few clouds,1748515759,2025-05-29 18:49:19
Warsaw,24.7,75,5.2,9741,Clear,mist,1748515819,2025-05-29 18:50:19
Bangkok,27.0,90,6.1,6238,Rain,mist,1748515879,2025-05-29 18:51:19
Dubai,20.8,67,5.5,4943,Thunderstorm,few clouds,1748515939,2025-05-29 18:52:19
Cape Town,13.2,82,7.2,5863,Clouds,clear sky,1748515999,2025-05-29 18:53:19
New York,21.4,49,12.4,4962,Clouds,light rain,1748516059,2025-05-29 18:54:19
Sydney,16.8,63,3.4,5503,Drizzle,few clouds,1748516119,2025-05-29 18:55:19
Warsaw,9.1,82,9.8,4129,Thunderstorm,clear sky,1748516179,2025-05-29 18:56:19
Bangkok,33.2,38,8.5,2772,Rain,clear sky,1748516239,2025-05-29 18:57:19
Dubai,44.1,41,14.1,6319,Clouds,clear sky,1748516299,2025-05-29 18:58:19
Cape Town,19.2,49,11.9,4913,Rain,mist,1748516359,2025-05-29 18:59:19
New York,17.9,86,10.9,3894,Mist,light rain,1748516419,2025-05-29 19:00:19
Sydney,20.8,79,3.2,3669,Clear,mist,1748516479,2025-05-29 19:01:19
Warsaw,4.3,30,13.1,7880,Drizzle,few clouds,1748516539,2025-05-29 19:02:19
Bangkok,26.6,74,4.3,6786,Rain,clear sky,1748516599,2025-05-29 19:03:19
Dubai,42.8,71,8.6,7686,Mist,clear sky,1748516659,2025-05-29 19:04:19
Cape Town,24.0,76,14.7,5974,Thunderstorm,clear sky,1748516719,2025-05-29 19:05:19
New York,18.5,77,7.1,8146,Clouds,clear sky,1748516779,2025-05-29 19:06:19
Sydney,17.0,71,11.6,9357,Clear,light rain,1748516839,2025-05-29 19:07:19
Warsaw,5.2,64,8.0,7102,Clear,few clouds,1748516899,2025-05-29 19:08:19
Bangkok,25.7,34,14.8,3076,Clouds,mist,1748516959,2025-05-29 19:09:19
Dubai,30.6,73,11.3,6813,Mist,light rain,1748517019,2025-05-29 19:10:19
Cape Town,15.2,30,0.7,3566,Mist,mist,1748517079,2025-05-29 19:11:19
New York,15.5,43,14.5,4131,Rain,few clouds,1748517139,2025-05-29 19:12:19
Sydney,19.2,55,11.8,3516,Thunderstorm,few clouds,1748517199,2025-05-29 19:13:19
Warsaw,15.4,70,0.7,9796,Mist,mist,1748517259,2025-05-29 19:14:19
Bangkok,29.0,43,9.0,9348,Clouds,mist,1748517319,2025-05-29 19:15:19
Dubai,44.5,79,10.7,5889,Clouds,mist,1748517379,2025-05-29 19:16:19
Cape Town,24.5,90,8.2,6506,Clear,mist,1748517439,2025-05-29 19:17:19
New York,18.2,85,3.5,2942,Clear,mist,1748517499,2025-05-29 19:18:19
Sydney,15.7,63,2.3,6899,Drizzle,clear sky,1748517559,2025-05-29 19:19:19
Warsaw,23.7,51,14.7,9137,Drizzle,mist,1748517619,2025-05-29 19:20:19
Bangkok,30.2,64,4.6,6530,Clear,clear sky,1748517679,2025-05-29 19:21:19
Dubai,27.9,78,4.1,3536,Rain,few clouds,1748517739,2025-05-29 19:22:19
Cape Town,25.0,62,14.7,5145,Thunderstorm,few clouds,1748517799,2025-05-29 19:23:19
New York,20.5,71,4.5,8373,Mist,light rain,1748517859,2025-05-29 19:24:19
Sydney,10.9,39,6.7,9707,Drizzle,clear sky,1748517919,2025-05-29 19:25:19
Warsaw,3.8,87,6.9,3456,Thunderstorm,light rain,1748517979,2025-05-29 19:26:19
Bangkok,27.5,63,2.5,7107,Thunderstorm,mist,1748518039,2025-05-29 19:27:19
Dubai,31.7,72,2.1,7857,Mist,mist,1748518099,2025-05-29 19:28:19
Cape Town,22.8,37,6.5,7573,Clear,mist,1748518159,2025-05-29 19:29:19
New York,5.2,48,5.6,7211,Clouds,mist,1748518219,2025-05-29 19:30:19
Sydney,28.6,83,9.7,7553,Mist,clear sky,1748518279,2025-05-29 19:31:19
Warsaw,18.2,32,0.6,4884,Drizzle,mist,1748518339,2025-05-29 19:32:19
Bangkok,34.8,67,6.6,6146,Clear,mist,1748518399,2025-05-29 19:33:19
Dubai,28.2,69,8.0,6111,Thunderstorm,few clouds,1748518459,2025-05-29 19:34:19
Cape Town,24.6,52,6.1,4287,Mist,few clouds,1748518519,2025-05-29 19:35:19
New York,20.5,76,12.4,8542,Clouds,few clouds,1748518579,2025-05-29 19:36:19
Sydney,20.3,76,1.5,3002,Mist,light rain,1748518639,2025-05-29 19:37:19
Warsaw,19.2,88,6.1,3396,Thunderstorm,few clouds,1748518699,2025-05-29 19:38:19
Bangkok,26.6,32,1.2,7674,Clear,few clouds,1748518759,2025-05-29 19:39:19
Dubai,32.8,76,5.9,3677,Mist,light rain,1748518819,2025-05-29 19:40:19
Cape Town,26.9,44,8.0,5513,Thunderstorm,light rain,1748518879,2025-05-29 19:41:19
New York,26.1,86,6.8,6810,Mist,mist,1748518939,2025-05-29 19:42:19
Sydney,9.4,41,8.6,2597,Mist,mist,1748518999,2025-05-29 19:43:19
Warsaw,4.2,52,6.6,9566,Rain,few clouds,1748519059,2025-05-29 19:44:19
Bangkok,31.0,73,4.3,5780,Mist,clear sky,1748519119,2025-05-29 19:45:19
Dubai,22.3,71,3.6,9650,Clear,mist,1748519179,2025-05-29 19:46:19
Cape Town,24.2,47,1.8,6167,Thunderstorm,mist,1748519239,2025-05-29 19:47:19
New York,28.4,66,14.3,6566,Drizzle,few clouds,1748519299,2025-05-29 19:48:19
Sydney,20.2,34,14.0,2959,Clouds,few clouds,1748519359,2025-05-29 19:49:19
Warsaw,13.8,78,13.2,2867,Drizzle,mist,1748519419,2025-05-29 19:50:19
Bangkok,33.7,32,7.2,7884,Drizzle,few clouds,1748519479,2025-05-29 19:51:19
Dubai,21.4,31,12.7,9283,Thunderstorm,light rain,1748519539,2025-05-29 19:52:19
Cape Town,22.0,57,5.6,5196,Rain,light rain,1748519599,2025-05-29 19:53:19
New York,27.4,46,15.0,8629,Clouds,clear sky,1748519659,2025-05-29 19:54:19
Sydney,28.1,86,4.7,3838,Thunderstorm,mist,1748519719,2025-05-29 19:55:19
Warsaw,0.7,90,8.0,5626,Clear,few clouds,1748519779,2025-05-29 19:56:19
Bangkok,31.3,64,10.5,6033,Rain,mist,1748519839,2025-05-29 19:57:19
Dubai,31.0,38,9.0,2800,Mist,mist,1748519899,2025-05-29 19:58:19
Cape Town,23.6,46,11.2,5594,Mist,few clouds,1748519959,2025-05-29 19:59:19
New York,18.0,52,10.7,5708,Mist,few clouds,1748520019,2025-05-29 20:00:19
Sydney,25.1,42,4.4,2359,Mist,mist,1748520079,2025-05-29 20:01:19
Warsaw,17.3,81,3.0,8988,Clouds,clear sky,1748520139,2025-05-29 20:02:19
Bangkok,32.9,80,12.9,6450,Thunderstorm,mist,1748520199,2025-05-29 20:03:19
Dubai,20.2,52,10.4,8378,Clear,light rain,1748520259,2025-05-29 20:04:19
Cape Town,10.5,90,8.6,9381,Rain,light rain,1748520319,2025-05-29 20:05:19
New York,10.5,46,4.7,7728,Drizzle,clear sky,1748520379,2025-05-29 20:06:19
Sydney,34.3,82,6.7,2026,Rain,few clouds,1748520439,2025-05-29 20:07:19
Warsaw,18.8,44,2.3,4166,Drizzle,mist,1748520499,2025-05-29 20:08:19
Bangkok,26.7,40,1.4,8189,Thunderstorm,light rain,1748520559,2025-05-29 20:09:19
Dubai,31.1,62,2.5,8441,Drizzle,light rain,1748520619,2025-05-29 20:10:19
Cape Town,18.5,40,3.6,8409,Clear,mist,1748520679,2025-05-29 20:11:19
New York,10.2,36,12.1,5537,Rain,light rain,1748520739,2025-05-29 20:12:19
Sydney,34.1,67,2.8,6820,Mist,clear sky,1748520799,2025-05-29 20:13:19
Warsaw,11.8,72,13.3,2930,Mist,mist,1748520859,2025-05-29 20:14:19
Bangkok,29.9,48,8.0,2799,Clouds,light rain,1748520919,2025-05-29 20:15:19
Dubai,40.3,63,10.4,9257,Clouds,clear sky,1748520979,2025-05-29 20:16:19
Cape Town,18.7,44,5.8,9496,Rain,mist,1748521039,2025-05-29 20:17:19
New York,15.5,86,7.0,8196,Rain,light rain,1748521099,2025-05-29 20:18:19
Sydney,15.8,60,5.6,6537,Drizzle,light rain,1748521159,2025-05-29 20:19:19
Warsaw,7.1,78,9.0,6564,Clouds,clear sky,1748521219,2025-05-29 20:20:19
Bangkok,30.8,60,7.0,4121,Clear,clear sky,1748521279,2025-05-29 20:21:19
Dubai,34.2,50,5.0,2703,Rain,few clouds,1748521339,2025-05-29 20:22:19
Cape Town,23.1,35,6.9,3245,Clouds,few clouds,1748521399,2025-05-29 20:23:19
New York,17.2,76,13.9,9402,Clouds,light rain,1748521459,2025-05-29 20:24:19
Sydney,12.6,55,9.6,7915,Clouds,few clouds,1748521519,2025-05-29 20:25:19
Warsaw,5.4,35,2.0,4817,Drizzle,mist,1748521579,2025-05-29 20:26:19
Bangkok,26.9,61,3.5,3277,Mist,clear sky,1748521639,2025-05-29 20:27:19
Dubai,43.2,64,14.1,7210,Clear,mist,1748521699,2025-05-29 20:28:19
Cape Town,27.3,70,4.3,8001,Clouds,clear sky,1748521759,2025-05-29 20:29:19
New York,24.5,90,6.1,8596,Rain,clear sky,1748521819,2025-05-29 20:30:19
Sydney,33.6,90,12.4,2828,Clear,clear sky,1748521879,2025-05-29 20:31:19
Warsaw,17.9,48,4.7,7617,Drizzle,light rain,1748521939,2025-05-29 20:32:19
Bangkok,26.7,52,11.3,5004,Clouds,few clouds,1748521999,2025-05-29 20:33:19
Dubai,25.4,80,6.8,2665,Rain,clear sky,1748522059,2025-05-29 20:34:19
Cape Town,11.1,59,2.7,9740,Clouds,light rain,1748522119,2025-05-29 20:35:19
New York,20.2,51,13.6,7523,Rain,clear sky,1748522179,2025-05-29 20:36:19
Sydney,20.3,34,1.1,3711,Clear,mist,1748522239,2025-05-29 20:37:19
Warsaw,14.9,42,6.4,3117,Clouds,clear sky,1748522299,2025-05-29 20:38:19
Bangkok,34.3,81,2.2,9756,Rain,light rain,1748522359,2025-05-29 20:39:19
Dubai,35.4,39,4.3,3122,Mist,light rain,1748522419,2025-05-29 20:40:19
Cape Town,20.0,79,13.6,9774,Rain,mist,1748522479,2025-05-29 20:41:19
New York,28.1,39,12.6,2047,Clouds,light rain,1748522539,2025-05-29 20:42:19
Sydney,29.4,69,12.4,8759,Mist,clear sky,1748522599,2025-05-29 20:43:19
Warsaw,6.8,51,10.7,4977,Clouds,few clouds,1748522659,2025-05-29 20:44:19
Bangkok,32.4,38,11.4,8077,Drizzle,few clouds,1748522719,2025-05-29 20:45:19
Dubai,38.2,87,0.3,3969,Thunderstorm,light rain,1748522779,2025-05-29 20:46:19
Cape Town,26.3,75,1.1,6708,Drizzle,light rain,1748522839,2025-05-29 20:47:19
New York,29.3,75,10.5,4954,Thunderstorm,light rain,1748522899,2025-05-29 20:48:19
Sydney,22.3,63,11.0,6926,Clouds,few clouds,1748522959,2025-05-29 20:49:19
Warsaw,21.1,81,6.2,7318,Clear,few clouds,1748523019,2025-05-29 20:50:19
Bangkok,30.8,32,7.8,9047,Thunderstorm,light rain,1748523079,2025-05-29 20:51:19
Dubai,26.9,82,1.1,6999,Mist,few clouds,1748523139,2025-05-29 20:52:19
Cape Town,15.0,40,1.0,5176,Drizzle,light rain,1748523199,2025-05-29 20:53:19
New York,27.7,30,10.2,8560,Rain,few clouds,1748523259,2025-05-29 20:54:19
Sydney,21.8,88,7.8,9747,Clear,few clouds,1748523319,2025-05-29 20:55:19
Warsaw,4.9,53,14.5,8048,Clear,few clouds,1748523379,2025-05-29 20:56:19
Bangkok,26.4,85,0.7,6902,Drizzle,few clouds,1748523439,2025-05-29 20:57:19
Dubai,32.9,35,8.7,8207,Drizzle,few clouds,1748523499,2025-05-29 20:58:19
Cape Town,18.4,63,3.8,8236,Mist,light rain,1748523559,2025-05-29 20:59:19
New York,24.6,80,10.2,5064,Drizzle,few clouds,1748523619,2025-05-29 21:00:19
Sydney,33.9,49,7.7,7845,Drizzle,few clouds,1748523679,2025-05-29 21:01:19
Warsaw,3.6,86,14.2,2716,Mist,mist,1748523739,2025-05-29 21:02:19
Bangkok,33.0,59,11.9,2848,Rain,few clouds,1748523799,2025-05-29 21:03:19
Dubai,32.7,33,10.1,2303,Thunderstorm,few clouds,1748523859,2025-05-29 21:04:19
Cape Town,20.9,75,7.9,8403,Clouds,mist,1748523919,2025-05-29 21:05:19
New York,19.2,31,2.7,4734,Clouds,clear sky,1748523979,2025-05-29 21:06:19
Sydney,33.1,66,0.9,9768,Rain,clear sky,1748524039,2025-05-29 21:07:19
Warsaw,9.8,65,11.3,9141,Clear,mist,1748524099,2025-05-29 21:08:19
Bangkok,25.5,46,11.4,5727,Clouds,light rain,1748524159,2025-05-29 21:09:19
Dubai,42.9,32,3.6,4012,Thunderstorm,clear sky,1748524219,2025-05-29 21:10:19
Cape Town,11.5,32,12.2,8263,Rain,mist,1748524279,2025-05-29 21:11:19
New York,17.2,81,0.6,9647,Thunderstorm,clear sky,1748524339,2025-05-29 21:12:19
Sydney,23.2,57,11.6,7640,Drizzle,mist,1748524399,2025-05-29 21:13:19
Warsaw,13.7,57,0.9,4269,Clear,mist,1748524459,2025-05-29 21:14:19
Bangkok,29.4,85,1.9,9047,Mist,few clouds,1748524519,2025-05-29 21:15:19
Dubai,43.7,77,7.8,7217,Mist,clear sky,1748524579,2025-05-29 21:16:19
Cape Town,14.4,43,3.5,4347,Rain,mist,1748524639,2025-05-29 21:17:19
New York,7.1,46,4.2,4948,Thunderstorm,light rain,1748524699,2025-05-29 21:18:19
Sydney,27.4,50,6.9,2727,Thunderstorm,mist,1748524759,2025-05-29 21:19:19
Warsaw,0.3,33,14.9,9895,Clear,clear sky,1748524819,2025-05-29 21:20:19
Bangkok,32.2,77,7.1,4037,Rain,light rain,1748524879,2025-05-29 21:21:19
Dubai,34.7,69,14.1,2457,Clear,mist,1748524939,2025-05-29 21:22:19
Cape Town,16.3,82,6.0,5331,Thunderstorm,light rain,1748524999,2025-05-29 21:23:19
New York,22.4,46,1.3,9566,Rain,light rain,1748525059,2025-05-29 21:24:19
Sydney,16.6,35,14.1,3969,Rain,light rain,1748525119,2025-05-29 21:25:19
Warsaw,9.5,76,4.8,5593,Mist,clear sky,1748525179,2025-05-29 21:26:19
Bangkok,34.3,72,12.6,7598,Drizzle,light rain,1748525239,2025-05-29 21:27:19
Dubai,34.3,68,4.9,6616,Mist,light rain,1748525299,2025-05-29 21:28:19
Cape Town,18.1,44,7.8,9723,Clouds,clear sky,1748525359,2025-05-29 21:29:19
New York,23.7,53,11.8,5980,Thunderstorm,few clouds,1748525419,2025-05-29 21:30:19
Sydney,8.6,58,1.0,6687,Drizzle,light rain,1748525479,2025-05-29 21:31:19
Warsaw,19.7,84,0.9,8363,Clouds,mist,1748525539,2025-05-29 21:32:19
Bangkok,26.5,67,13.4,4937,Mist,light rain,1748525599,2025-05-29 21:33:19
Dubai,30.6,71,14.3,6889,Drizzle,light rain,1748525659,2025-05-29 21:34:19
Cape Town,23.7,67,0.1,3365,Mist,light rain,1748525719,2025-05-29 21:35:19
New York,24.5,40,7.6,2286,Rain,light rain,1748525779,2025-05-29 21:36:19
Sydney,27.2,82,3.5,4574,Clouds,clear sky,1748525839,2025-05-29 21:37:19
Warsaw,14.7,45,9.1,7055,Drizzle,clear sky,1748525899,2025-05-29 21:38:19
Bangkok,26.6,79,3.7,4902,Clouds,few clouds,1748525959,2025-05-29 21:39:19
Dubai,31.8,72,4.8,3504,Mist,light rain,1748526019,2025-05-29 21:40:19
Cape Town,14.4,47,4.0,7964,Thunderstorm,clear sky,1748526079,2025-05-29 21:41:19
New York,26.4,78,11.1,3124,Drizzle,light rain,1748526139,2025-05-29 21:42:19
Sydney,9.9,34,3.1,9111,Clear,few clouds,1748526199,2025-05-29 21:43:19
Warsaw,4.6,42,11.5,4639,Drizzle,clear sky,1748526259,2025-05-29 21:44:19
Bangkok,33.6,58,0.2,5773,Clouds,few clouds,1748526319,2025-05-29 21:45:19
Dubai,25.3,89,7.6,3202,Clouds,clear sky,1748526379,2025-05-29 21:46:19
Cape Town,21.0,52,1.0,2797,Rain,light rain,1748526439,2025-05-29 21:47:19
New York,9.1,32,5.5,5013,Rain,mist,1748526499,2025-05-29 21:48:19
Sydney,27.8,59,1.2,4255,Clouds,clear sky,1748526559,2025-05-29 21:49:19
Warsaw,5.6,47,1.5,5248,Thunderstorm,clear sky,1748526619,2025-05-29 21:50:19
Bangkok,29.6,45,12.8,4271,Clear,clear sky,1748526679,2025-05-29 21:51:19
Dubai,26.1,58,1.5,2669,Clouds,clear sky,1748526739,2025-05-29 21:52:19
Cape Town,12.0,46,8.0,3654,Thunderstorm,light rain,1748526799,2025-05-29 21:53:19
New York,12.2,32,14.1,3305,Drizzle,light rain,1748526859,2025-05-29 21:54:19
Sydney,34.7,77,1.0,4210,Rain,light rain,1748526919,2025-05-29 21:55:19
Warsaw,10.2,38,12.4,2855,Rain,clear sky,1748526979,2025-05-29 21:56:19
Bangkok,27.1,59,2.2,9478,Rain,clear sky,1748527039,2025-05-29 21:57:19
Dubai,44.2,30,12.4,7218,Thunderstorm,few clouds,1748527099,2025-05-29 21:58:19
Cape Town,26.5,58,8.2,4227,Thunderstorm,mist,1748527159,2025-05-29 21:59:19
New York,12.5,77,10.0,3585,Clear,mist,1748527219,2025-05-29 22:00:19
Sydney,30.0,47,1.2,7798,Clear,mist,1748527279,2025-05-29 22:01:19
Warsaw,24.4,81,4.1,9795,Mist,clear sky,1748527339,2025-05-29 22:02:19
Bangkok,33.0,58,2.0,3022,Clear,few clouds,1748527399,2025-05-29 22:03:19
Dubai,21.1,42,14.6,4431,Mist,mist,1748527459,2025-05-29 22:04:19
Cape Town,16.7,65,9.2,4895,Clear,mist,1748527519,2025-05-29 22:05:19
New York,21.0,58,11.9,6117,Drizzle,mist,1748527579,2025-05-29 22:06:19
Sydney,24.8,90,13.3,3247,Mist,few clouds,1748527639,2025-05-29 22:07:19
Warsaw,10.9,38,8.4,6208,Mist,mist,1748527699,2025-05-29 22:08:19
Bangkok,26.1,58,8.2,8801,Clouds,light rain,1748527759,2025-05-29 22:09:19
Dubai,28.1,68,2.9,6689,Clear,few clouds,1748527819,2025-05-29 22:10:19
Cape Town,22.5,66,1.1,2160,Thunderstorm,clear sky,1748527879,2025-05-29 22:11:19
New York,10.5,83,12.5,6629,Drizzle,mist,1748527939,2025-05-29 22:12:19
Sydney,20.3,57,3.9,6543,Clear,mist,1748527999,2025-05-29 22:13:19
Warsaw,11.2,70,1.8,5029,Clouds,clear sky,1748528059,2025-05-29 22:14:19
Bangkok,25.4,52,14.2,3757,Drizzle,few clouds,1748528119,2025-05-29 22:15:19
Dubai,43.7,82,11.8,2627,Clear,clear sky,1748528179,2025-05-29 22:16:19
Cape Town,15.9,51,4.0,4746,Clouds,mist,1748528239,2025-05-29 22:17:19
New York,24.9,79,5.6,5196,Mist,mist,1748528299,2025-05-29 22:18:19
Sydney,18.6,79,7.1,4470,Thunderstorm,few clouds,1748528359,2025-05-29 22:19:19
Warsaw,22.7,72,12.8,2361,Thunderstorm,light rain,1748528419,2025-05-29 22:20:19
Bangkok,29.5,88,7.1,7163,Clouds,mist,1748528479,2025-05-29 22:21:19
Dubai,38.6,41,6.8,8570,Thunderstorm,clear sky,1748528539,2025-05-29 22:22:19
Cape Town,17.4,52,6.4,6661,Drizzle,few clouds,1748528599,2025-05-29 22:23:19
New York,13.2,75,11.7,2629,Clear,mist,1748528659,2025-05-29 22:24:19
Sydney,24.5,83,1.1,8295,Clear,mist,1748528719,2025-05-29 22:25:19
Warsaw,11.1,51,11.3,7345,Thunderstorm,mist,1748528779,2025-05-29 22:26:19
Bangkok,26.7,72,10.2,2585,Clouds,few clouds,1748528839,2025-05-29 22:27:19
Dubai,44.3,80,9.1,9616,Rain,few clouds,1748528899,2025-05-29 22:28:19
Cape Town,18.7,50,11.5,3096,Mist,light rain,1748528959,2025-05-29 22:29:19
New York,19.1,45,5.1,7513,Mist,few clouds,1748529019,2025-05-29 22:30:19
Sydney,8.9,58,7.6,2275,Drizzle,few clouds,1748529079,2025-05-29 22:31:19
Warsaw,14.9,51,9.2,7143,Rain,clear sky,1748529139,2025-05-29 22:32:19
Bangkok,34.6,87,5.6,4089,Thunderstorm,few clouds,1748529199,2025-05-29 22:33:19
Dubai,34.3,50,14.5,5233,Clear,mist,1748529259,2025-05-29 22:34:19
Cape Town,23.4,85,2.0,2971,Rain,clear sky,1748529319,2025-05-29 22:35:19
New York,26.0,74,13.9,7912,Clear,clear sky,1748529379,2025-05-29 22:36:19
Sydney,34.2,36,4.1,6498,Clear,light rain,1748529439,2025-05-29 22:37:19
Warsaw,9.3,48,7.0,3443,Drizzle,few clouds,1748529499,2025-05-29 22:38:19
Bangkok,29.7,84,10.1,9894,Clear,mist,1748529559,2025-05-29 22:39:19
Dubai,38.8,66,14.3,7733,Clouds,light rain,1748529619,2025-05-29 22:40:19
Cape Town,10.1,51,13.5,7856,Clear,few clouds,1748529679,2025-05-29 22:41:19
New York,12.7,79,9.1,9944,Mist,few clouds,1748529739,2025-05-29 22:42:19
Sydney,20.2,33,14.2,3173,Rain,few clouds,1748529799,2025-05-29 22:43:19
Warsaw,21.5,48,5.7,7901,Thunderstorm,clear sky,1748529859,2025-05-29 22:44:19
Bangkok,29.4,41,7.9,3642,Clear,light rain,1748529919,2025-05-29 22:45:19
Dubai,43.3,69,6.4,5355,Rain,mist,1748529979,2025-05-29 22:46:19
Cape Town,23.0,55,14.6,5547,Mist,clear sky,1748530039,2025-05-29 22:47:19
New York,14.9,80,5.8,3898,Clear,clear sky,1748530099,2025-05-29 22:48:19
Sydney,20.8,71,14.1,4403,Rain,light rain,1748530159,2025-05-29 22:49:19
Warsaw,22.6,43,9.4,5904,Drizzle,light rain,1748530219,2025-05-29 22:50:19
Bangkok,26.1,43,11.0,3438,Thunderstorm,light rain,1748530279,2025-05-29 22:51:19
Dubai,28.0,31,9.4,8680,Thunderstorm,light rain,1748530339,2025-05-29 22:52:19
Cape Town,11.0,46,3.0,9984,Thunderstorm,mist,1748530399,2025-05-29 22:53:19
New York,12.5,57,11.0,9734,Clear,light rain,1748530459,2025-05-29 22:54:19
Sydney,31.0,51,11.8,9281,Rain,mist,1748530519,2025-05-29 22:55:19
Warsaw,15.9,49,5.6,8045,Rain,few clouds,1748530579,2025-05-29 22:56:19
Bangkok,25.4,30,9.8,5939,Drizzle,light rain,1748530639,2025-05-29 22:57:19
Dubai,22.8,71,13.9,8210,Drizzle,few clouds,1748530699,2025-05-29 22:58:19
Cape Town,15.1,55,6.2,8364,Clear,few clouds,1748530759,2025-05-29 22:59:19
New York,16.1,43,7.8,7936,Drizzle,light rain,1748530819,2025-05-29 23:00:19
Sydney,22.0,60,7.8,4532,Clear,clear sky,1748530879,2025-05-29 23:01:19
Warsaw,24.6,60,6.8,7802,Drizzle,few clouds,1748530939,2025-05-29 23:02:19
Bangkok,26.5,70,7.1,5734,Clear,few clouds,1748530999,2025-05-29 23:03:19
Dubai,30.3,63,9.5,9217,Drizzle,light rain,1748531059,2025-05-29 23:04:19
Cape Town,23.7,55,4.9,2051,Mist,clear sky,1748531119,2025-05-29 23:05:19
New York,26.4,53,6.6,7765,Rain,few clouds,1748531179,2025-05-29 23:06:19
Sydney,18.3,38,1.5,2272,Mist,light rain,1748531239,2025-05-29 23:07:19
Warsaw,1.0,36,4.3,3300,Drizzle,light rain,1748531299,2025-05-29 23:08:19
Bangkok,28.0,76,3.4,8761,Clear,mist,1748531359,2025-05-29 23:09:19
Dubai,33.4,58,1.6,2095,Clouds,light rain,1748531419,2025-05-29 23:10:19
Cape Town,24.3,44,6.1,5174,Thunderstorm,few clouds,1748531479,2025-05-29 23:11:19
New York,22.6,31,10.3,7384,Thunderstorm,light rain,1748531539,2025-05-29 23:12:19
Sydney,14.7,68,3.9,4917,Rain,light rain,1748531599,2025-05-29 23:13:19
Warsaw,4.8,31,12.6,4184,Rain,mist,1748531659,2025-05-29 23:14:19
Bangkok,32.7,52,0.3,7735,Rain,mist,1748531719,2025-05-29 23:15:19
Dubai,29.0,63,1.5,5686,Clear,few clouds,1748531779,2025-05-29 23:16:19
Cape Town,19.7,62,10.4,7592,Rain,light rain,1748531839,2025-05-29 23:17:19
New York,11.8,41,12.7,9940,Clear,clear sky,1748531899,2025-05-29 23:18:19
Sydney,33.8,53,9.5,5944,Clouds,clear sky,1748531959,2025-05-29 23:19:19
Warsaw,2.0,30,6.8,5051,Drizzle,light rain,1748532019,2025-05-29 23:20:19
Bangkok,30.1,84,13.8,3121,Mist,mist,1748532079,2025-05-29 23:21:19
Dubai,20.2,31,10.1,7573,Drizzle,few clouds,1748532139,2025-05-29 23:22:19
Cape Town,23.2,83,12.6,8368,Clear,few clouds,1748532199,2025-05-29 23:23:19
New York,25.8,61,11.9,2055,Drizzle,few clouds,1748532259,2025-05-29 23:24:19
Sydney,23.7,51,4.1,6474,Thunderstorm,few clouds,1748532319,2025-05-29 23:25:19
Warsaw,18.4,48,1.9,8206,Drizzle,mist,1748532379,2025-05-29 23:26:19
Bangkok,30.1,83,0.3,5119,Clear,light rain,1748532439,2025-05-29 23:27:19
Dubai,35.8,41,9.0,9842,Clouds,clear sky,1748532499,2025-05-29 23:28:19
Cape Town,12.1,82,4.1,8537,Thunderstorm,mist,1748532559,2025-05-29 23:29:19
New York,11.3,44,10.7,3887,Drizzle,few clouds,1748532619,2025-05-29 23:30:19
Sydney,32.3,81,3.5,2594,Drizzle,mist,1748532679,2025-05-29 23:31:19
Warsaw,19.0,62,6.6,6572,Drizzle,mist,1748532739,2025-05-29 23:32:19
Bangkok,25.9,83,13.9,7199,Rain,clear sky,1748532799,2025-05-29 23:33:19
Dubai,32.3,32,12.1,8309,Rain,clear sky,1748532859,2025-05-29 23:34:19
Cape Town,23.6,83,7.4,8295,Thunderstorm,light rain,1748532919,2025-05-29 23:35:19
New York,13.2,42,12.3,6431,Rain,few clouds,1748532979,2025-05-29 23:36:19
Sydney,27.7,65,5.8,5600,Clouds,mist,1748533039,2025-05-29 23:37:19
Warsaw,21.6,30,13.1,8196,Thunderstorm,few clouds,1748533099,2025-05-29 23:38:19
Bangkok,33.0,30,3.7,9945,Rain,light rain,1748533159,2025-05-29 23:39:19
Dubai,23.3,74,12.0,5891,Rain,mist,1748533219,2025-05-29 23:40:19
Cape Town,12.1,46,0.1,3863,Thunderstorm,few clouds,1748533279,2025-05-29 23:41:19
New York,11.8,48,7.7,5962,Mist,light rain,1748533339,2025-05-29 23:42:19
Sydney,33.4,46,9.5,3755,Rain,mist,1748533399,2025-05-29 23:43:19
Warsaw,21.6,55,13.6,8836,Mist,few clouds,1748533459,2025-05-29 23:44:19
Bangkok,31.6,31,11.2,6498,Drizzle,mist,1748533519,2025-05-29 23:45:19
Dubai,21.7,50,14.7,7656,Thunderstorm,few clouds,1748533579,2025-05-29 23:46:19
Cape Town,16.3,46,12.1,3102,Mist,few clouds,1748533639,2025-05-29 23:47:19
New York,7.4,53,4.1,2731,Rain,light rain,1748533699,2025-05-29 23:48:19
Sydney,11.6,49,13.7,9193,Drizzle,clear sky,1748533759,2025-05-29 23:49:19
Warsaw,13.6,39,7.3,4982,Mist,few clouds,1748533819,2025-05-29 23:50:19
Bangkok,29.0,75,9.0,8738,Clouds,few clouds,1748533879,2025-05-29 23:51:19
Dubai,21.8,68,10.7,2337,Thunderstorm,clear sky,1748533939,2025-05-29 23:52:19
Cape Town,18.5,90,7.2,5710,Clouds,clear sky,1748533999,2025-05-29 23:53:19
New York,20.1,83,4.1,9285,Thunderstorm,light rain,1748534059,2025-05-29 23:54:19
Sydney,17.8,78,10.4,4154,Clear,clear sky,1748534119,2025-05-29 23:55:19
Warsaw,22.9,31,2.9,4542,Clouds,few clouds,1748534179,2025-05-29 23:56:19
Bangkok,28.3,87,11.6,5639,Mist,clear sky,1748534239,2025-05-29 23:57:19
Dubai,29.5,53,7.3,8435,Rain,clear sky,1748534299,2025-05-29 23:58:19
Cape Town,18.8,59,0.6,7874,Rain,light rain,1748534359,2025-05-29 23:59:19
New York,29.0,50,5.0,9661,Rain,light rain,1748534419,2025-05-30 00:00:19
Sydney,15.4,46,2.8,6315,Clear,few clouds,1748534479,2025-05-30 00:01:19
Warsaw,12.2,63,1.4,2791,Clouds,light rain,1748534539,2025-05-30 00:02:19
Bangkok,29.3,72,4.9,3538,Drizzle,light rain,1748534599,2025-05-30 00:03:19
Dubai,41.4,70,11.2,8915,Clouds,mist,1748534659,2025-05-30 00:04:19
Cape Town,14.6,57,6.5,2563,Drizzle,clear sky,1748534719,2025-05-30 00:05:19
New York,28.7,82,10.6,4246,Clear,few clouds,1748534779,2025-05-30 00:06:19
Sydney,27.0,40,14.5,8504,Rain,few clouds,1748534839,2025-05-30 00:07:19
Warsaw,22.9,70,14.9,2558,Clear,light rain,1748534899,2025-05-30 00:08:19
Bangkok,28.9,82,11.5,2020,Clouds,clear sky,1748534959,2025-05-30 00:09:19
Dubai,41.8,85,9.6,3933,Clear,light rain,1748535019,2025-05-30 00:10:19
Cape Town,12.0,89,4.0,7655,Thunderstorm,mist,1748535079,2025-05-30 00:11:19
New York,10.9,73,14.9,8809,Clouds,clear sky,1748535139,2025-05-30 00:12:19
Sydney,18.3,77,6.2,2924,Mist,mist,1748535199,2025-05-30 00:13:19
Warsaw,8.2,41,12.5,6336,Drizzle,few clouds,1748535259,2025-05-30 00:14:19
Bangkok,26.6,85,6.6,7619,Mist,mist,1748535319,2025-05-30 00:15:19
Dubai,34.3,72,4.4,5128,Drizzle,clear sky,1748535379,2025-05-30 00:16:19
Cape Town,18.7,61,7.1,7794,Thunderstorm,mist,1748535439,2025-05-30 00:17:19
New York,25.5,80,8.6,6106,Drizzle,few clouds,1748535499,2025-05-30 00:18:19
Sydney,18.8,70,3.1,9695,Thunderstorm,light rain,1748535559,2025-05-30 00:19:19
Warsaw,21.8,68,5.3,5413,Drizzle,clear sky,1748535619,2025-05-30 00:20:19
Bangkok,33.6,63,2.3,8912,Drizzle,mist,1748535679,2025-05-30 00:21:19
Dubai,40.5,87,14.6,7894,Clouds,clear sky,1748535739,2025-05-30 00:22:19
Cape Town,16.3,87,1.8,8370,Clear,light rain,1748535799,2025-05-30 00:23:19
New York,13.7,45,13.1,9774,Mist,few clouds,1748535859,2025-05-30 00:24:19
Sydney,18.0,54,12.0,8374,Thunderstorm,mist,1748535919,2025-05-30 00:25:19
Warsaw,13.1,42,13.9,9484,Drizzle,clear sky,1748535979,2025-05-30 00:26:19
Bangkok,31.0,58,14.2,4097,Drizzle,mist,1748536039,2025-05-30 00:27:19
Dubai,23.1,71,2.1,3954,Mist,few clouds,1748536099,2025-05-30 00:28:19
Cape Town,26.0,37,12.4,3720,Clear,mist,1748536159,2025-05-30 00:29:19
New York,25.3,82,3.6,9024,Rain,mist,1748536219,2025-05-30 00:30:19
Sydney,15.0,84,13.4,5323,Thunderstorm,few clouds,1748536279,2025-05-30 00:31:19
Warsaw,20.8,65,4.3,2798,Rain,light rain,1748536339,2025-05-30 00:32:19
Bangkok,30.2,42,13.7,7672,Drizzle,clear sky,1748536399,2025-05-30 00:33:19
Dubai,25.4,64,4.7,7688,Rain,light rain,1748536459,2025-05-30 00:34:19
Cape Town,22.6,67,4.5,4870,Drizzle,few clouds,1748536519,2025-05-30 00:35:19
New York,29.9,64,8.9,4394,Thunderstorm,light rain,1748536579,2025-05-30 00:36:19
Sydney,11.1,48,7.8,7959,Thunderstorm,mist,1748536639,2025-05-30 00:37:19
Warsaw,10.4,58,5.5,6038,Mist,clear sky,1748536699,2025-05-30 00:38:19
Bangkok,28.0,77,9.7,7073,Clouds,few clouds,1748536759,2025-05-30 00:39:19
Dubai,36.6,55,4.3,3012,Mist,mist,1748536819,2025-05-30 00:40:19
Cape Town,11.8,69,13.6,6685,Clouds,clear sky,1748536879,2025-05-30 00:41:19
New York,10.4,31,2.5,9589,Clear,light rain,1748536939,2025-05-30 00:42:19
Sydney,30.4,87,8.2,5425,Clouds,light rain,1748536999,2025-05-30 00:43:19
Warsaw,14.5,37,9.9,6503,Clouds,mist,1748537059,2025-05-30 00:44:19
Bangkok,30.7,51,1.1,7472,Mist,light rain,1748537119,2025-05-30 00:45:19
Dubai,42.0,61,11.7,5126,Drizzle,few clouds,1748537179,2025-05-30 00:46:19
Cape Town,15.4,46,11.8,6343,Drizzle,mist,1748537239,2025-05-30 00:47:19
New York,13.0,70,8.2,5209,Rain,light rain,1748537299,2025-05-30 00:48:19
Sydney,13.4,63,14.8,4586,Mist,light rain,1748537359,2025-05-30 00:49:19
Warsaw,13.8,47,0.9,9721,Rain,clear sky,1748537419,2025-05-30 00:50:19
Bangkok,31.1,90,5.9,5955,Drizzle,clear sky,1748537479,2025-05-30 00:51:19
Dubai,26.8,55,1.3,9556,Clear,mist,1748537539,2025-05-30 00:52:19
Cape Town,22.0,76,11.7,9228,Drizzle,light rain,1748537599,2025-05-30 00:53:19
New York,19.1,81,5.9,5752,Clear,few clouds,1748537659,2025-05-30 00:54:19
Sydney,25.5,87,2.0,2374,Drizzle,mist,1748537719,2025-05-30 00:55:19
Warsaw,22.4,41,8.6,4371,Mist,few clouds,1748537779,2025-05-30 00:56:19
Bangkok,32.0,51,3.1,2552,Rain,light rain,1748537839,2025-05-30 00:57:19
Dubai,34.5,65,11.2,3154,Clear,few clouds,1748537899,2025-05-30 00:58:19
Cape Town,18.1,83,5.5,4794,Thunderstorm,clear sky,1748537959,2025-05-30 00:59:19
New York,18.7,38,8.5,9053,Thunderstorm,few clouds,1748538019,2025-05-30 01:00:19
Sydney,29.8,75,5.9,5848,Clouds,few clouds,1748538079,2025-05-30 01:01:19
Warsaw,8.8,57,14.2,8323,Rain,mist,1748538139,2025-05-30 01:02:19
Bangkok,29.5,60,11.0,6147,Rain,light rain,1748538199,2025-05-30 01:03:19
Dubai,44.9,90,10.4,7541,Clear,mist,1748538259,2025-05-30 01:04:19
Cape Town,24.2,66,2.8,5447,Rain,light rain,1748538319,2025-05-30 01:05:19
New York,16.0,82,3.2,5491,Clear,clear sky,1748538379,2025-05-30 01:06:19
Sydney,13.6,40,6.9,6062,Rain,mist,1748538439,2025-05-30 01:07:19
Warsaw,5.9,86,2.2,6023,Drizzle,light rain,1748538499,2025-05-30 01:08:19
Bangkok,33.9,42,10.1,5801,Clear,few clouds,1748538559,2025-05-30 01:09:19
Dubai,25.1,41,5.3,7767,Clear,clear sky,1748538619,2025-05-30 01:10:19
Cape Town,15.1,77,3.9,6897,Thunderstorm,light rain,1748538679,2025-05-30 01:11:19
New York,24.2,66,13.7,2406,Drizzle,mist,1748538739,2025-05-30 01:12:19
Sydney,12.7,73,11.2,8288,Clear,light rain,1748538799,2025-05-30 01:13:19
Warsaw,16.5,74,3.2,4733,Clear,clear sky,1748538859,2025-05-30 01:14:19
Bangkok,30.1,72,12.1,5828,Clouds,few clouds,1748538919,2025-05-30 01:15:19
Dubai,28.9,41,14.3,5100,Rain,light rain,1748538979,2025-05-30 01:16:19
Cape Town,11.6,30,14.8,9620,Drizzle,clear sky,1748539039,2025-05-30 01:17:19
New York,28.7,31,0.6,8642,Drizzle,light rain,1748539099,2025-05-30 01:18:19
Sydney,9.3,31,14.3,7322,Clear,mist,1748539159,2025-05-30 01:19:19
Warsaw,14.2,67,6.9,9357,Mist,few clouds,1748539219,2025-05-30 01:20:19
Bangkok,29.9,46,12.6,9595,Mist,few clouds,1748539279,2025-05-30 01:21:19
Dubai,32.0,82,6.7,5386,Clouds,light rain,1748539339,2025-05-30 01:22:19
Cape Town,13.2,64,13.0,7745,Mist,mist,1748539399,2025-05-30 01:23:19
New York,24.0,59,5.9,7942,Drizzle,few clouds,1748539459,2025-05-30 01:24:19
Sydney,10.9,73,11.1,7856,Clouds,mist,1748539519,2025-05-30 01:25:19
Warsaw,3.9,64,4.8,3628,Rain,few clouds,1748539579,2025-05-30 01:26:19
Bangkok,28.7,78,14.9,6832,Thunderstorm,clear sky,1748539639,2025-05-30 01:27:19
Dubai,34.3,52,12.0,9365,Rain,light rain,1748539699,2025-05-30 01:28:19
Cape Town,15.1,46,10.2,7303,Rain,mist,1748539759,2025-05-30 01:29:19
New York,13.2,42,12.1,3927,Mist,light rain,1748539819,2025-05-30 01:30:19
Sydney,28.7,57,12.6,4363,Clouds,mist,1748539879,2025-05-30 01:31:19
Warsaw,16.7,48,4.1,2669,Clouds,mist,1748539939,2025-05-30 01:32:19
Bangkok,33.1,76,13.3,6368,Clear,mist,1748539999,2025-05-30 01:33:19
Dubai,41.2,69,4.2,2710,Clear,light rain,1748540059,2025-05-30 01:34:19
Cape Town,23.3,87,1.6,2809,Clear,mist,1748540119,2025-05-30 01:35:19
New York,21.8,58,4.6,3030,Mist,clear sky,1748540179,2025-05-30 01:36:19
Sydney,22.4,40,10.8,7180,Clouds,light rain,1748540239,2025-05-30 01:37:19
Warsaw,5.1,53,12.7,2368,Clouds,few clouds,1748540299,2025-05-30 01:38:19
Bangkok,33.1,45,4.1,6622,Clear,light rain,1748540359,2025-05-30 01:39:19
Dubai,39.2,88,0.4,5535,Rain,light rain,1748540419,2025-05-30 01:40:19
Cape Town,25.4,74,4.4,2230,Drizzle,light rain,1748540479,2025-05-30 01:41:19
New York,28.3,89,2.5,4170,Clouds,few clouds,1748540539,2025-05-30 01:42:19
Sydney,17.9,82,9.3,2157,Thunderstorm,light rain,1748540599,2025-05-30 01:43:19
Warsaw,12.0,68,6.1,9642,Drizzle,light rain,1748540659,2025-05-30 01:44:19
Bangkok,31.5,59,10.6,3081,Clouds,light rain,1748540719,2025-05-30 01:45:19
Dubai,28.7,62,9.9,7116,Clouds,clear sky,1748540779,2025-05-30 01:46:19
Cape Town,13.8,54,4.2,6662,Drizzle,light rain,1748540839,2025-05-30 01:47:19
New York,28.4,72,0.9,8516,Clear,clear sky,1748540899,2025-05-30 01:48:19
Sydney,28.6,52,2.6,3033,Drizzle,light rain,1748540959,2025-05-30 01:49:19
Warsaw,9.0,54,6.5,2998,Drizzle,light rain,1748541019,2025-05-30 01:50:19
Bangkok,32.8,36,10.7,5961,Mist,mist,1748541079,2025-05-30 01:51:19
Dubai,34.6,57,7.2,2051,Clear,mist,1748541139,2025-05-30 01:52:19
Cape Town,22.1,38,8.9,9199,Clear,few clouds,1748541199,2025-05-30 01:53:19
New York,23.1,45,7.0,9013,Clouds,few clouds,1748541259,2025-05-30 01:54:19
Sydney,12.7,52,11.4,4793,Mist,few clouds,1748541319,2025-05-30 01:55:19
Warsaw,6.9,56,3.7,2470,Drizzle,mist,1748541379,2025-05-30 01:56:19
Bangkok,32.4,45,4.2,4113,Clear,few clouds,1748541439,2025-05-30 01:57:19
Dubai,35.5,62,13.1,2647,Drizzle,clear sky,1748541499,2025-05-30 01:58:19
Cape Town,23.6,48,13.4,7219,Clear,few clouds,1748541559,2025-05-30 01:59:19
New York,16.0,35,14.5,8194,Mist,light rain,1748541619,2025-05-30 02:00:19
Sydney,21.5,63,4.4,2324,Thunderstorm,mist,1748541679,2025-05-30 02:01:19
Warsaw,17.8,38,6.6,4154,Rain,few clouds,1748541739,2025-05-30 02:02:19
Bangkok,34.9,46,11.4,7691,Rain,light rain,1748541799,2025-05-30 02:03:19
Dubai,42.6,46,0.4,5787,Drizzle,mist,1748541859,2025-05-30 02:04:19
Cape Town,23.0,78,4.8,7200,Mist,few clouds,1748541919,2025-05-30 02:05:19
New York,23.6,50,4.1,6605,Rain,few clouds,1748541979,2025-05-30 02:06:19
Sydney,33.8,65,5.4,8484,Clear,light rain,1748542039,2025-05-30 02:07:19
Warsaw,21.8,42,7.3,2524,Thunderstorm,mist,1748542099,2025-05-30 02:08:19
Bangkok,32.1,56,1.1,9581,Drizzle,mist,1748542159,2025-05-30 02:09:19
Dubai,30.2,56,2.6,7154,Rain,mist,1748542219,2025-05-30 02:10:19
Cape Town,16.9,46,13.8,4523,Drizzle,light rain,1748542279,2025-05-30 02:11:19
New York,25.9,66,4.2,3559,Drizzle,light rain,1748542339,2025-05-30 02:12:19
Sydney,23.1,83,0.1,4709,Drizzle,mist,1748542399,2025-05-30 02:13:19
Warsaw,3.1,85,0.5,8482,Thunderstorm,light rain,1748542459,2025-05-30 02:14:19
Bangkok,30.3,30,4.7,6681,Drizzle,clear sky,1748542519,2025-05-30 02:15:19
Dubai,20.0,34,4.2,3493,Mist,few clouds,1748542579,2025-05-30 02:16:19
Cape Town,15.8,65,7.3,9334,Thunderstorm,mist,1748542639,2025-05-30 02:17:19
New York,22.7,85,12.7,5487,Clear,few clouds,1748542699,2025-05-30 02:18:19
Sydney,18.8,83,11.0,9807,Clouds,clear sky,1748542759,2025-05-30 02:19:19
Warsaw,18.5,58,13.6,6031,Drizzle,few clouds,1748542819,2025-05-30 02:20:19
Bangkok,31.3,42,9.5,3600,Clouds,light rain,1748542879,2025-05-30 02:21:19
Dubai,44.6,71,2.6,5267,Rain,light rain,1748542939,2025-05-30 02:22:19
Cape Town,16.4,66,5.1,5996,Clouds,clear sky,1748542999,2025-05-30 02:23:19
New York,21.5,56,11.4,8647,Thunderstorm,few clouds,1748543059,2025-05-30 02:24:19
Sydney,16.7,69,2.2,5093,Thunderstorm,few clouds,1748543119,2025-05-30 02:25:19
Warsaw,22.0,68,2.7,8251,Clear,clear sky,1748543179,2025-05-30 02:26:19
Bangkok,33.1,55,2.9,2724,Thunderstorm,clear sky,1748543239,2025-05-30 02:27:19
Dubai,44.8,75,0.9,4297,Clouds,light rain,1748543299,2025-05-30 02:28:19
Cape Town,21.5,72,6.3,4553,Rain,clear sky,1748543359,2025-05-30 02:29:19
New York,8.5,30,7.9,8049,Mist,mist,1748543419,2025-05-30 02:30:19
Sydney,30.4,78,11.4,5445,Clouds,few clouds,1748543479,2025-05-30 02:31:19
Warsaw,9.1,56,5.8,7757,Drizzle,few clouds,1748543539,2025-05-30 02:32:19
Bangkok,32.7,44,10.0,9518,Mist,few clouds,1748543599,2025-05-30 02:33:19
Dubai,31.8,42,8.5,9265,Clouds,clear sky,1748543659,2025-05-30 02:34:19
Cape Town,21.0,51,14.2,4759,Clouds,mist,1748543719,2025-05-30 02:35:19
New York,12.8,45,1.3,6395,Rain,mist,1748543779,2025-05-30 02:36:19
Sydney,15.5,85,14.2,4615,Rain,mist,1748543839,2025-05-30 02:37:19
Warsaw,6.0,71,12.1,3975,Clouds,clear sky,1748543899,2025-05-30 02:38:19
Bangkok,33.9,67,8.9,4928,Thunderstorm,clear sky,1748543959,2025-05-30 02:39:19
Dubai,28.0,80,9.1,8979,Thunderstorm,light rain,1748544019,2025-05-30 02:40:19
Cape Town,26.5,52,9.0,3846,Clouds,mist,1748544079,2025-05-30 02:41:19
New York,15.3,77,11.3,2299,Rain,light rain,1748544139,2025-05-30 02:42:19
Sydney,16.2,57,14.4,2156,Clouds,mist,1748544199,2025-05-30 02:43:19
Warsaw,20.5,34,13.4,5795,Mist,few clouds,1748544259,2025-05-30 02:44:19
Bangkok,30.9,79,8.0,2338,Drizzle,mist,1748544319,2025-05-30 02:45:19
Dubai,29.9,81,5.1,6535,Drizzle,mist,1748544379,2025-05-30 02:46:19
Cape Town,23.7,36,1.9,9090,Drizzle,few clouds,1748544439,2025-05-30 02:47:19
New York,8.2,52,14.3,3488,Clouds,mist,1748544499,2025-05-30 02:48:19
Sydney,8.8,35,0.2,4634,Rain,mist,1748544559,2025-05-30 02:49:19
Warsaw,4.6,41,8.5,9355,Rain,clear sky,1748544619,2025-05-30 02:50:19
Bangkok,26.2,72,5.3,8078,Mist,light rain,1748544679,2025-05-30 02:51:19
Dubai,24.8,54,0.2,6999,Clear,mist,1748544739,2025-05-30 02:52:19
Cape Town,23.0,41,5.9,4435,Drizzle,mist,1748544799,2025-05-30 02:53:19
New York,23.0,34,0.3,6780,Clouds,mist,1748544859,2025-05-30 02:54:19
Sydney,19.2,63,14.2,4148,Rain,mist,1748544919,2025-05-30 02:55:19
Warsaw,19.0,32,7.9,6890,Clear,light rain,1748544979,2025-05-30 02:56:19
Bangkok,34.3,80,4.5,3472,Mist,few clouds,1748545039,2025-05-30 02:57:19
Dubai,29.5,77,1.2,9195,Clear,clear sky,1748545099,2025-05-30 02:58:19
Cape Town,12.8,75,8.2,2000,Drizzle,clear sky,1748545159,2025-05-30 02:59:19
New York,8.4,61,6.7,6335,Mist,mist,1748545219,2025-05-30 03:00:19
Sydney,24.8,31,1.7,6478,Thunderstorm,light rain,1748545279,2025-05-30 03:01:19
Warsaw,12.1,83,1.3,9808,Mist,light rain,1748545339,2025-05-30 03:02:19
Bangkok,27.4,32,6.1,3276,Drizzle,mist,1748545399,2025-05-30 03:03:19
Dubai,20.1,50,10.0,8178,Rain,clear sky,1748545459,2025-05-30 03:04:19
Cape Town,26.3,65,1.0,2021,Clear,mist,1748545519,2025-05-30 03:05:19
New York,17.7,53,14.0,8037,Mist,mist,1748545579,2025-05-30 03:06:19
Sydney,14.9,85,12.2,9049,Drizzle,few clouds,1748545639,2025-05-30 03:07:19
Warsaw,16.4,46,13.2,3759,Rain,light rain,1748545699,2025-05-30 03:08:19
Bangkok,32.0,40,8.5,9478,Clouds,few clouds,1748545759,2025-05-30 03:09:19
Dubai,22.0,83,5.7,2990,Clear,few clouds,1748545819,2025-05-30 03:10:19
Cape Town,24.5,85,5.3,7836,Thunderstorm,few clouds,1748545879,2025-05-30 03:11:19
New York,6.3,64,7.5,3670,Mist,mist,1748545939,2025-05-30 03:12:19
Sydney,14.6,49,9.9,3278,Drizzle,mist,1748545999,2025-05-30 03:13:19
Warsaw,19.4,51,7.9,8495,Thunderstorm,clear sky,1748546059,2025-05-30 03:14:19
Bangkok,25.6,88,2.4,4006,Drizzle,clear sky,1748546119,2025-05-30 03:15:19
Dubai,33.7,58,1.7,6842,Drizzle,light rain,1748546179,2025-05-30 03:16:19
Cape Town,20.6,83,11.2,4060,Thunderstorm,light rain,1748546239,2025-05-30 03:17:19
New York,28.2,69,14.7,7898,Drizzle,few clouds,1748546299,2025-05-30 03:18:19
Sydney,34.6,41,12.9,3596,Rain,few clouds,1748546359,2025-05-30 03:19:19
Warsaw,1.5,33,1.5,7676,Clouds,few clouds,1748546419,2025-05-30 03:20:19
Bangkok,30.1,34,11.5,5894,Thunderstorm,light rain,1748546479,2025-05-30 03:21:19
Dubai,23.8,86,11.1,2953,Rain,light rain,1748546539,2025-05-30 03:22:19
Cape Town,21.9,84,11.6,6537,Drizzle,few clouds,1748546599,2025-05-30 03:23:19
New York,9.2,60,10.4,5932,Clear,mist,1748546659,2025-05-30 03:24:19
Sydney,28.2,44,7.2,7346,Clouds,mist,1748546719,2025-05-30 03:25:19
Warsaw,0.9,53,5.0,5186,Mist,light rain,1748546779,2025-05-30 03:26:19
Bangkok,31.4,58,7.1,3954,Clear,mist,1748546839,2025-05-30 03:27:19
Dubai,35.6,56,14.2,6616,Clear,mist,1748546899,2025-05-30 03:28:19
Cape Town,13.2,48,1.9,7656,Mist,mist,1748546959,2025-05-30 03:29:19
New York,19.7,35,11.1,7545,Mist,clear sky,1748547019,2025-05-30 03:30:19
Sydney,15.2,75,5.7,4078,Clear,mist,1748547079,2025-05-30 03:31:19
Warsaw,17.1,58,2.2,8682,Clear,mist,1748547139,2025-05-30 03:32:19
Bangkok,28.4,46,14.8,9919,Thunderstorm,light rain,1748547199,2025-05-30 03:33:19
Dubai,22.3,84,8.1,9170,Clear,mist,1748547259,2025-05-30 03:34:19
Cape Town,17.0,79,7.2,3977,Clear,clear sky,1748547319,2025-05-30 03:35:19
New York,21.0,66,6.2,2592,Mist,clear sky,1748547379,2025-05-30 03:36:19
Sydney,34.1,47,10.6,6403,Rain,few clouds,1748547439,2025-05-30 03:37:19
Warsaw,15.2,78,2.2,9266,Mist,light rain,1748547499,2025-05-30 03:38:19
Bangkok,25.4,84,11.8,2428,Clouds,few clouds,1748547559,2025-05-30 03:39:19
Dubai,24.2,54,1.8,9052,Clear,clear sky,1748547619,2025-05-30 03:40:19
Cape Town,19.7,34,5.0,2995,Mist,light rain,1748547679,2025-05-30 03:41:19
New York,7.3,53,10.5,6916,Clear,few clouds,1748547739,2025-05-30 03:42:19
Sydney,33.0,87,13.2,6094,Clouds,few clouds,1748547799,2025-05-30 03:43:19
Warsaw,8.2,68,1.7,3279,Clear,mist,1748547859,2025-05-30 03:44:19
Bangkok,28.3,66,3.1,9108,Mist,light rain,1748547919,2025-05-30 03:45:19
Dubai,37.0,86,13.6,8617,Drizzle,clear sky,1748547979,2025-05-30 03:46:19
Cape Town,13.4,84,3.8,8494,Clouds,mist,1748548039,2025-05-30 03:47:19
New York,20.3,72,14.3,6060,Clear,light rain,1748548099,2025-05-30 03:48:19
Sydney,32.9,55,12.2,2180,Mist,few clouds,1748548159,2025-05-30 03:49:19
Warsaw,7.7,86,11.7,6922,Thunderstorm,clear sky,1748548219,2025-05-30 03:50:19
Bangkok,26.9,42,12.7,9654,Thunderstorm,light rain,1748548279,2025-05-30 03:51:19
Dubai,23.8,60,13.2,2089,Rain,clear sky,1748548339,2025-05-30 03:52:19
Cape Town,20.8,65,9.0,5051,Drizzle,mist,1748548399,2025-05-30 03:53:19
New York,27.7,84,2.8,8507,Rain,few clouds,1748548459,2025-05-30 03:54:19
Sydney,29.4,86,13.4,6622,Clouds,few clouds,1748548519,2025-05-30 03:55:19
Warsaw,7.2,87,6.3,4775,Drizzle,mist,1748548579,2025-05-30 03:56:19
Bangkok,34.2,59,11.7,8673,Rain,clear sky,1748548639,2025-05-30 03:57:19
Dubai,34.0,76,13.9,2654,Mist,light rain,1748548699,2025-05-30 03:58:19
Cape Town,27.3,43,1.0,4755,Mist,light rain,1748548759,2025-05-30 03:59:19
New York,14.0,54,11.9,2285,Rain,few clouds,1748548819,2025-05-30 04:00:19
Sydney,24.0,80,10.4,3778,Thunderstorm,few clouds,1748548879,2025-05-30 04:01:19
Warsaw,5.2,33,14.8,7212,Thunderstorm,clear sky,1748548939,2025-05-30 04:02:19
Bangkok,33.1,49,1.0,6255,Clear,clear sky,1748548999,2025-05-30 04:03:19
Dubai,20.0,65,2.2,6034,Clouds,mist,1748549059,2025-05-30 04:04:19
Cape Town,10.2,37,0.1,2242,Thunderstorm,light rain,1748549119,2025-05-30 04:05:19
New York,23.1,44,0.2,8437,Drizzle,mist,1748549179,2025-05-30 04:06:19
Sydney,12.8,36,1.8,8985,Mist,mist,1748549239,2025-05-30 04:07:19
Warsaw,5.8,41,11.8,2895,Rain,mist,1748549299,2025-05-30 04:08:19
Bangkok,30.8,86,12.9,4038,Mist,mist,1748549359,2025-05-30 04:09:19
Dubai,21.1,65,14.4,6793,Clouds,mist,1748549419,2025-05-30 04:10:19
Cape Town,16.9,39,9.2,4072,Mist,few clouds,1748549479,2025-05-30 04:11:19
New York,9.1,50,2.1,5132,Rain,mist,1748549539,2025-05-30 04:12:19
Sydney,19.7,46,7.2,7696,Thunderstorm,light rain,1748549599,2025-05-30 04:13:19
Warsaw,22.1,86,14.1,5672,Drizzle,mist,1748549659,2025-05-30 04:14:19
Bangkok,34.3,41,8.2,6472,Drizzle,few clouds,1748549719,2025-05-30 04:15:19
Dubai,31.1,74,10.7,8325,Mist,clear sky,1748549779,2025-05-30 04:16:19
Cape Town,12.2,77,1.4,6013,Rain,few clouds,1748549839,2025-05-30 04:17:19
New York,24.0,61,0.1,8166,Thunderstorm,clear sky,1748549899,2025-05-30 04:18:19
Sydney,9.8,67,6.3,6111,Clear,light rain,1748549959,2025-05-30 04:19:19
Warsaw,7.5,79,9.9,2120,Thunderstorm,light rain,1748550019,2025-05-30 04:20:19
Bangkok,33.0,89,12.9,9029,Mist,light rain,1748550079,2025-05-30 04:21:19
Dubai,30.4,74,13.1,4571,Drizzle,clear sky,1748550139,2025-05-30 04:22:19
Cape Town,21.0,46,6.9,3448,Clouds,few clouds,1748550199,2025-05-30 04:23:19
New York,9.1,87,2.7,4399,Drizzle,clear sky,1748550259,2025-05-30 04:24:19
Sydney,19.7,39,3.4,5280,Drizzle,clear sky,1748550319,2025-05-30 04:25:19
Warsaw,1.4,48,12.8,9349,Thunderstorm,few clouds,1748550379,2025-05-30 04:26:19
Bangkok,34.7,40,9.0,8891,Clouds,mist,1748550439,2025-05-30 04:27:19
Dubai,32.8,48,2.7,4955,Rain,light rain,1748550499,2025-05-30 04:28:19
Cape Town,17.0,43,6.1,4481,Drizzle,mist,1748550559,2025-05-30 04:29:19
New York,16.5,55,1.3,9785,Thunderstorm,clear sky,1748550619,2025-05-30 04:30:19
Sydney,13.5,48,14.1,5519,Drizzle,mist,1748550679,2025-05-30 04:31:19
Warsaw,17.2,35,5.5,2006,Thunderstorm,few clouds,1748550739,2025-05-30 04:32:19
Bangkok,25.1,89,10.6,3761,Thunderstorm,clear sky,1748550799,2025-05-30 04:33:19
Dubai,43.8,41,15.0,3473,Thunderstorm,light rain,1748550859,2025-05-30 04:34:19
Cape Town,27.5,89,0.1,6790,Mist,clear sky,1748550919,2025-05-30 04:35:19
New York,15.6,72,4.4,4607,Clouds,light rain,1748550979,2025-05-30 04:36:19
Sydney,24.8,64,6.1,8617,Clouds,few clouds,1748551039,2025-05-30 04:37:19
Warsaw,6.0,44,7.2,4171,Clear,mist,1748551099,2025-05-30 04:38:19
Bangkok,31.8,84,12.3,5294,Rain,clear sky,1748551159,2025-05-30 04:39:19
Dubai,25.6,81,8.3,7656,Drizzle,mist,1748551219,2025-05-30 04:40:19
Cape Town,19.4,89,10.6,2270,Clouds,mist,1748551279,2025-05-30 04:41:19
New York,17.8,44,9.4,4586,Mist,light rain,1748551339,2025-05-30 04:42:19
Sydney,31.2,74,12.8,4869,Clouds,mist,1748551399,2025-05-30 04:43:19
Warsaw,22.5,35,8.3,4377,Clouds,mist,1748551459,2025-05-30 04:44:19
Bangkok,25.3,51,14.1,4335,Clear,mist,1748551519,2025-05-30 04:45:19
Dubai,42.8,62,5.1,9550,Clear,light rain,1748551579,2025-05-30 04:46:19
Cape Town,25.9,90,4.9,9244,Rain,light rain,1748551639,2025-05-30 04:47:19
New York,12.5,51,9.9,8985,Mist,mist,1748551699,2025-05-30 04:48:19
Sydney,19.2,33,14.2,5634,Clouds,light rain,1748551759,2025-05-30 04:49:19
Warsaw,8.2,43,0.8,5516,Thunderstorm,mist,1748551819,2025-05-30 04:50:19
Bangkok,32.2,74,9.6,3215,Rain,clear sky,1748551879,2025-05-30 04:51:19
Dubai,35.2,51,6.6,2351,Drizzle,mist,1748551939,2025-05-30 04:52:19
Cape Town,25.5,56,6.3,8904,Thunderstorm,mist,1748551999,2025-05-30 04:53:19
